Coord_x (m);Coord_y (m);Punto de Vigilancia;Camara Gran Angular;Camara Angulo Estrecho;Sensor Volumetrico;Detector sismico;Detector humo
0.0;0.0;1.0;0.0;0.0;0.0;0.0;0.0
0.0;10.0;1.0;0.0;1.0;0.0;1.0;0.0
0.0;20.0;1.0;0.0;0.0;0.0;0.0;0.0
0.0;30.0;1.0;1.0;0.0;1.0;1.0;0.0
0.0;40.0;1.0;0.0;0.0;0.0;0.0;0.0
0.0;50.0;1.0;0.0;0.0;0.0;1.0;1.0
0.0;60.0;1.0;0.0;0.0;0.0;1.0;0.0
0.0;70.0;1.0;0.0;0.0;0.0;0.0;0.0
0.0;80.0;1.0;0.0;0.0;0.0;0.0;0.0
0.0;90.0;1.0;0.0;0.0;1.0;0.0;0.0
0.0;100.0;1.0;0.0;0.0;0.0;0.0;0.0
0.0;110.0;1.0;0.0;0.0;1.0;0.0;0.0
0.0;120.0;1.0;0.0;0.0;0.0;0.0;0.0
0.0;130.0;1.0;1.0;0.0;1.0;0.0;0.0
0.0;140.0;1.0;0.0;1.0;1.0;1.0;0.0
0.0;150.0;1.0;1.0;0.0;0.0;0.0;0.0
0.0;160.0;1.0;0.0;0.0;0.0;0.0;0.0
0.0;170.0;1.0;0.0;1.0;1.0;1.0;1.0
0.0;180.0;1.0;0.0;0.0;0.0;0.0;0.0
0.0;190.0;1.0;0.0;0.0;1.0;0.0;1.0
0.0;200.0;1.0;1.0;0.0;0.0;0.0;0.0
0.0;210.0;1.0;0.0;0.0;0.0;0.0;0.0
0.0;220.0;1.0;0.0;0.0;0.0;0.0;0.0
0.0;230.0;1.0;0.0;0.0;0.0;0.0;0.0
0.0;240.0;1.0;0.0;0.0;0.0;0.0;0.0
0.0;250.0;1.0;0.0;0.0;0.0;0.0;0.0
0.0;260.0;1.0;1.0;1.0;0.0;0.0;0.0
0.0;270.0;1.0;0.0;0.0;0.0;0.0;1.0
0.0;280.0;1.0;0.0;0.0;0.0;0.0;0.0
0.0;290.0;1.0;1.0;0.0;1.0;0.0;0.0
0.0;300.0;1.0;1.0;0.0;0.0;0.0;0.0
0.0;310.0;1.0;0.0;1.0;0.0;0.0;0.0
0.0;320.0;1.0;0.0;0.0;0.0;0.0;0.0
0.0;330.0;1.0;0.0;0.0;0.0;0.0;0.0
0.0;340.0;1.0;0.0;0.0;1.0;0.0;0.0
0.0;350.0;1.0;0.0;0.0;0.0;0.0;0.0
0.0;360.0;1.0;0.0;0.0;0.0;0.0;0.0
0.0;370.0;1.0;0.0;1.0;0.0;0.0;0.0
0.0;380.0;1.0;0.0;0.0;0.0;0.0;0.0
0.0;390.0;1.0;0.0;0.0;0.0;0.0;0.0
0.0;400.0;1.0;0.0;0.0;0.0;1.0;1.0
0.0;410.0;1.0;0.0;0.0;1.0;0.0;0.0
0.0;420.0;1.0;0.0;1.0;0.0;0.0;0.0
0.0;430.0;1.0;0.0;0.0;0.0;0.0;0.0
0.0;440.0;1.0;0.0;0.0;0.0;0.0;0.0
0.0;450.0;1.0;0.0;0.0;0.0;0.0;0.0
0.0;460.0;1.0;0.0;0.0;1.0;1.0;0.0
0.0;470.0;1.0;0.0;0.0;0.0;0.0;0.0
0.0;480.0;1.0;0.0;0.0;0.0;0.0;1.0
0.0;490.0;1.0;0.0;0.0;1.0;0.0;0.0
10.0;0.0;1.0;1.0;0.0;0.0;0.0;0.0
10.0;10.0;0.0;0.0;0.0;0.0;0.0;0.0
10.0;20.0;0.0;0.0;1.0;1.0;0.0;0.0
10.0;30.0;0.0;0.0;0.0;0.0;0.0;0.0
10.0;40.0;0.0;0.0;0.0;0.0;0.0;0.0
10.0;50.0;0.0;0.0;0.0;0.0;0.0;0.0
10.0;60.0;1.0;0.0;0.0;1.0;1.0;0.0
10.0;70.0;0.0;0.0;0.0;0.0;0.0;0.0
10.0;80.0;0.0;0.0;0.0;0.0;0.0;0.0
10.0;90.0;0.0;0.0;1.0;0.0;0.0;0.0
10.0;100.0;0.0;0.0;0.0;1.0;0.0;0.0
10.0;110.0;1.0;0.0;0.0;0.0;0.0;0.0
10.0;120.0;0.0;0.0;1.0;0.0;1.0;0.0
10.0;130.0;0.0;0.0;0.0;0.0;0.0;0.0
10.0;140.0;0.0;0.0;0.0;0.0;0.0;0.0
10.0;150.0;0.0;0.0;0.0;0.0;0.0;0.0
10.0;160.0;0.0;0.0;0.0;0.0;0.0;0.0
10.0;170.0;0.0;0.0;0.0;0.0;0.0;0.0
10.0;180.0;0.0;1.0;0.0;0.0;0.0;0.0
10.0;190.0;0.0;0.0;0.0;0.0;0.0;0.0
10.0;200.0;0.0;0.0;0.0;0.0;0.0;1.0
10.0;210.0;0.0;0.0;0.0;0.0;0.0;0.0
10.0;220.0;0.0;0.0;0.0;0.0;0.0;0.0
10.0;230.0;0.0;1.0;1.0;0.0;1.0;1.0
10.0;240.0;0.0;0.0;0.0;0.0;0.0;0.0
10.0;250.0;0.0;0.0;0.0;1.0;0.0;1.0
10.0;260.0;0.0;0.0;0.0;0.0;0.0;0.0
10.0;270.0;0.0;0.0;1.0;0.0;0.0;0.0
10.0;280.0;0.0;0.0;0.0;0.0;0.0;0.0
10.0;290.0;0.0;0.0;0.0;0.0;0.0;0.0
10.0;300.0;0.0;0.0;0.0;0.0;0.0;0.0
10.0;310.0;0.0;0.0;1.0;0.0;0.0;0.0
10.0;320.0;0.0;0.0;0.0;0.0;0.0;0.0
10.0;330.0;0.0;0.0;0.0;0.0;0.0;0.0
10.0;340.0;0.0;0.0;0.0;0.0;0.0;1.0
10.0;350.0;0.0;0.0;0.0;0.0;0.0;1.0
10.0;360.0;0.0;0.0;0.0;0.0;0.0;0.0
10.0;370.0;1.0;0.0;0.0;0.0;0.0;0.0
10.0;380.0;0.0;0.0;0.0;0.0;0.0;0.0
10.0;390.0;0.0;0.0;0.0;0.0;1.0;1.0
10.0;400.0;0.0;0.0;0.0;0.0;0.0;0.0
10.0;410.0;0.0;0.0;0.0;0.0;0.0;0.0
10.0;420.0;0.0;0.0;0.0;0.0;0.0;0.0
10.0;430.0;1.0;1.0;0.0;1.0;0.0;0.0
10.0;440.0;0.0;0.0;0.0;0.0;0.0;0.0
10.0;450.0;0.0;0.0;1.0;1.0;0.0;0.0
10.0;460.0;0.0;1.0;0.0;0.0;0.0;0.0
10.0;470.0;0.0;0.0;0.0;0.0;0.0;0.0
10.0;480.0;0.0;0.0;0.0;0.0;1.0;0.0
10.0;490.0;1.0;0.0;0.0;0.0;0.0;0.0
20.0;0.0;1.0;0.0;0.0;0.0;1.0;1.0
20.0;10.0;0.0;0.0;0.0;0.0;0.0;0.0
20.0;20.0;0.0;1.0;1.0;0.0;0.0;0.0
20.0;30.0;0.0;0.0;0.0;0.0;1.0;0.0
20.0;40.0;0.0;0.0;0.0;0.0;1.0;0.0
20.0;50.0;0.0;0.0;0.0;0.0;0.0;0.0
20.0;60.0;1.0;0.0;0.0;0.0;0.0;0.0
20.0;70.0;0.0;0.0;1.0;1.0;0.0;0.0
20.0;80.0;0.0;0.0;0.0;0.0;0.0;0.0
20.0;90.0;0.0;0.0;0.0;1.0;1.0;0.0
20.0;100.0;0.0;0.0;0.0;0.0;0.0;0.0
20.0;110.0;1.0;0.0;0.0;0.0;0.0;0.0
20.0;120.0;0.0;0.0;0.0;0.0;0.0;0.0
20.0;130.0;0.0;1.0;0.0;1.0;0.0;0.0
20.0;140.0;0.0;0.0;0.0;0.0;0.0;0.0
20.0;150.0;0.0;0.0;0.0;0.0;0.0;0.0
20.0;160.0;0.0;0.0;0.0;0.0;0.0;0.0
20.0;170.0;0.0;0.0;0.0;0.0;0.0;0.0
20.0;180.0;0.0;0.0;0.0;0.0;0.0;0.0
20.0;190.0;0.0;1.0;1.0;1.0;1.0;1.0
20.0;200.0;0.0;1.0;0.0;0.0;0.0;0.0
20.0;210.0;0.0;0.0;0.0;0.0;0.0;0.0
20.0;220.0;0.0;0.0;0.0;0.0;0.0;0.0
20.0;230.0;0.0;0.0;0.0;0.0;1.0;0.0
20.0;240.0;0.0;1.0;1.0;0.0;0.0;0.0
20.0;250.0;0.0;0.0;0.0;0.0;0.0;0.0
20.0;260.0;0.0;0.0;1.0;0.0;0.0;0.0
20.0;270.0;0.0;0.0;0.0;0.0;0.0;0.0
20.0;280.0;0.0;0.0;0.0;0.0;0.0;0.0
20.0;290.0;0.0;0.0;0.0;0.0;0.0;0.0
20.0;300.0;0.0;0.0;0.0;0.0;0.0;0.0
20.0;310.0;0.0;0.0;0.0;0.0;0.0;0.0
20.0;320.0;0.0;1.0;1.0;0.0;0.0;0.0
20.0;330.0;0.0;0.0;0.0;0.0;0.0;0.0
20.0;340.0;0.0;1.0;1.0;1.0;1.0;0.0
20.0;350.0;0.0;0.0;0.0;0.0;0.0;0.0
20.0;360.0;0.0;1.0;0.0;1.0;1.0;0.0
20.0;370.0;1.0;0.0;0.0;0.0;0.0;0.0
20.0;380.0;0.0;1.0;0.0;0.0;0.0;0.0
20.0;390.0;0.0;0.0;0.0;0.0;0.0;0.0
20.0;400.0;0.0;0.0;0.0;0.0;1.0;0.0
20.0;410.0;0.0;0.0;0.0;0.0;0.0;0.0
20.0;420.0;0.0;0.0;0.0;0.0;0.0;0.0
20.0;430.0;1.0;0.0;0.0;0.0;0.0;0.0
20.0;440.0;0.0;0.0;0.0;0.0;0.0;0.0
20.0;450.0;0.0;0.0;0.0;0.0;0.0;0.0
20.0;460.0;0.0;0.0;0.0;0.0;0.0;0.0
20.0;470.0;0.0;0.0;0.0;0.0;0.0;0.0
20.0;480.0;0.0;0.0;0.0;0.0;0.0;0.0
20.0;490.0;1.0;1.0;0.0;1.0;1.0;1.0
30.0;0.0;1.0;0.0;0.0;0.0;0.0;0.0
30.0;10.0;0.0;0.0;0.0;0.0;0.0;0.0
30.0;20.0;0.0;0.0;0.0;0.0;0.0;0.0
30.0;30.0;0.0;0.0;0.0;0.0;0.0;0.0
30.0;40.0;0.0;0.0;0.0;0.0;0.0;0.0
30.0;50.0;0.0;0.0;0.0;0.0;0.0;0.0
30.0;60.0;1.0;0.0;0.0;0.0;0.0;0.0
30.0;70.0;0.0;0.0;0.0;1.0;1.0;1.0
30.0;80.0;0.0;0.0;0.0;0.0;0.0;0.0
30.0;90.0;0.0;0.0;0.0;0.0;0.0;0.0
30.0;100.0;0.0;0.0;0.0;0.0;0.0;0.0
30.0;110.0;1.0;0.0;0.0;0.0;0.0;0.0
30.0;120.0;0.0;0.0;0.0;0.0;0.0;1.0
30.0;130.0;0.0;0.0;1.0;0.0;1.0;0.0
30.0;140.0;0.0;0.0;0.0;0.0;0.0;0.0
30.0;150.0;0.0;1.0;0.0;0.0;0.0;0.0
30.0;160.0;0.0;0.0;0.0;0.0;0.0;1.0
30.0;170.0;0.0;0.0;0.0;0.0;0.0;0.0
30.0;180.0;0.0;1.0;1.0;0.0;1.0;0.0
30.0;190.0;0.0;0.0;0.0;0.0;0.0;0.0
30.0;200.0;0.0;0.0;0.0;0.0;0.0;0.0
30.0;210.0;0.0;0.0;0.0;0.0;0.0;0.0
30.0;220.0;0.0;0.0;0.0;0.0;0.0;0.0
30.0;230.0;0.0;1.0;1.0;1.0;1.0;1.0
30.0;240.0;0.0;0.0;1.0;0.0;0.0;1.0
30.0;250.0;0.0;0.0;0.0;0.0;0.0;0.0
30.0;260.0;0.0;0.0;0.0;0.0;0.0;0.0
30.0;270.0;0.0;0.0;0.0;0.0;0.0;0.0
30.0;280.0;0.0;0.0;0.0;0.0;0.0;0.0
30.0;290.0;0.0;0.0;0.0;0.0;0.0;0.0
30.0;300.0;0.0;0.0;0.0;0.0;0.0;0.0
30.0;310.0;0.0;0.0;0.0;0.0;0.0;0.0
30.0;320.0;0.0;1.0;0.0;0.0;0.0;1.0
30.0;330.0;0.0;0.0;0.0;0.0;0.0;0.0
30.0;340.0;0.0;1.0;0.0;1.0;1.0;1.0
30.0;350.0;0.0;1.0;1.0;1.0;1.0;1.0
30.0;360.0;0.0;1.0;0.0;0.0;0.0;0.0
30.0;370.0;1.0;0.0;0.0;0.0;0.0;0.0
30.0;380.0;0.0;0.0;0.0;0.0;0.0;0.0
30.0;390.0;0.0;1.0;0.0;1.0;1.0;1.0
30.0;400.0;0.0;0.0;0.0;0.0;0.0;0.0
30.0;410.0;0.0;0.0;0.0;0.0;0.0;0.0
30.0;420.0;0.0;0.0;0.0;0.0;0.0;0.0
30.0;430.0;1.0;0.0;0.0;0.0;0.0;0.0
30.0;440.0;0.0;1.0;0.0;0.0;0.0;0.0
30.0;450.0;0.0;0.0;0.0;0.0;0.0;0.0
30.0;460.0;0.0;0.0;0.0;0.0;0.0;0.0
30.0;470.0;0.0;0.0;1.0;0.0;0.0;0.0
30.0;480.0;0.0;1.0;1.0;0.0;0.0;0.0
30.0;490.0;1.0;0.0;1.0;0.0;0.0;1.0
40.0;0.0;1.0;0.0;0.0;1.0;0.0;0.0
40.0;10.0;0.0;0.0;0.0;0.0;0.0;0.0
40.0;20.0;0.0;0.0;0.0;0.0;0.0;0.0
40.0;30.0;0.0;1.0;1.0;1.0;1.0;1.0
40.0;40.0;0.0;0.0;0.0;0.0;0.0;1.0
40.0;50.0;0.0;0.0;0.0;0.0;0.0;0.0
40.0;60.0;1.0;0.0;0.0;0.0;0.0;0.0
40.0;70.0;0.0;0.0;0.0;0.0;0.0;0.0
40.0;80.0;0.0;0.0;1.0;0.0;0.0;1.0
40.0;90.0;0.0;0.0;0.0;0.0;0.0;0.0
40.0;100.0;0.0;0.0;0.0;0.0;0.0;0.0
40.0;110.0;1.0;0.0;1.0;0.0;1.0;0.0
40.0;120.0;0.0;0.0;0.0;0.0;0.0;0.0
40.0;130.0;0.0;0.0;0.0;0.0;0.0;0.0
40.0;140.0;0.0;1.0;1.0;0.0;1.0;1.0
40.0;150.0;0.0;0.0;0.0;0.0;0.0;0.0
40.0;160.0;0.0;0.0;0.0;0.0;0.0;0.0
40.0;170.0;0.0;0.0;0.0;0.0;1.0;1.0
40.0;180.0;0.0;0.0;1.0;0.0;0.0;0.0
40.0;190.0;0.0;0.0;0.0;0.0;1.0;0.0
40.0;200.0;0.0;0.0;0.0;1.0;0.0;0.0
40.0;210.0;0.0;0.0;0.0;0.0;0.0;0.0
40.0;220.0;0.0;0.0;0.0;1.0;0.0;0.0
40.0;230.0;0.0;0.0;0.0;0.0;0.0;0.0
40.0;240.0;0.0;0.0;0.0;0.0;0.0;0.0
40.0;250.0;0.0;0.0;0.0;0.0;0.0;0.0
40.0;260.0;0.0;0.0;0.0;0.0;0.0;1.0
40.0;270.0;0.0;0.0;0.0;0.0;0.0;0.0
40.0;280.0;0.0;1.0;1.0;0.0;0.0;0.0
40.0;290.0;0.0;0.0;0.0;0.0;0.0;0.0
40.0;300.0;0.0;0.0;0.0;0.0;0.0;0.0
40.0;310.0;0.0;0.0;0.0;0.0;0.0;0.0
40.0;320.0;0.0;0.0;0.0;0.0;0.0;0.0
40.0;330.0;0.0;1.0;1.0;0.0;1.0;1.0
40.0;340.0;0.0;0.0;0.0;0.0;0.0;0.0
40.0;350.0;0.0;0.0;0.0;0.0;0.0;0.0
40.0;360.0;0.0;0.0;0.0;0.0;0.0;0.0
40.0;370.0;1.0;1.0;0.0;0.0;0.0;0.0
40.0;380.0;0.0;0.0;0.0;0.0;0.0;0.0
40.0;390.0;0.0;0.0;0.0;0.0;0.0;0.0
40.0;400.0;0.0;0.0;0.0;1.0;0.0;0.0
40.0;410.0;0.0;0.0;0.0;1.0;0.0;0.0
40.0;420.0;0.0;0.0;0.0;0.0;0.0;0.0
40.0;430.0;1.0;0.0;0.0;0.0;1.0;0.0
40.0;440.0;0.0;0.0;0.0;0.0;0.0;0.0
40.0;450.0;0.0;0.0;0.0;0.0;0.0;0.0
40.0;460.0;0.0;0.0;0.0;0.0;0.0;1.0
40.0;470.0;0.0;0.0;0.0;1.0;0.0;0.0
40.0;480.0;0.0;0.0;0.0;0.0;0.0;0.0
40.0;490.0;1.0;0.0;0.0;0.0;0.0;0.0
50.0;0.0;1.0;0.0;0.0;0.0;0.0;0.0
50.0;10.0;0.0;0.0;0.0;0.0;0.0;0.0
50.0;20.0;0.0;0.0;0.0;0.0;0.0;0.0
50.0;30.0;0.0;0.0;0.0;1.0;0.0;0.0
50.0;40.0;0.0;0.0;0.0;0.0;0.0;0.0
50.0;50.0;0.0;0.0;0.0;0.0;0.0;0.0
50.0;60.0;1.0;0.0;0.0;0.0;0.0;1.0
50.0;70.0;0.0;0.0;0.0;0.0;0.0;0.0
50.0;80.0;0.0;0.0;0.0;0.0;1.0;0.0
50.0;90.0;0.0;0.0;1.0;0.0;0.0;0.0
50.0;100.0;0.0;0.0;0.0;0.0;0.0;0.0
50.0;110.0;1.0;1.0;0.0;0.0;0.0;0.0
50.0;120.0;0.0;0.0;0.0;1.0;0.0;0.0
50.0;130.0;0.0;0.0;0.0;0.0;0.0;0.0
50.0;140.0;0.0;0.0;0.0;0.0;0.0;0.0
50.0;150.0;0.0;0.0;0.0;1.0;0.0;0.0
50.0;160.0;0.0;0.0;0.0;0.0;0.0;0.0
50.0;170.0;0.0;0.0;0.0;0.0;0.0;0.0
50.0;180.0;0.0;0.0;0.0;0.0;0.0;1.0
50.0;190.0;0.0;0.0;0.0;0.0;0.0;0.0
50.0;200.0;0.0;1.0;0.0;0.0;0.0;0.0
50.0;210.0;0.0;0.0;0.0;0.0;0.0;0.0
50.0;220.0;0.0;1.0;0.0;0.0;0.0;0.0
50.0;230.0;0.0;0.0;0.0;0.0;0.0;0.0
50.0;240.0;0.0;1.0;0.0;0.0;0.0;0.0
50.0;250.0;0.0;1.0;0.0;0.0;0.0;1.0
50.0;260.0;0.0;1.0;0.0;1.0;0.0;0.0
50.0;270.0;0.0;0.0;0.0;0.0;0.0;0.0
50.0;280.0;0.0;0.0;0.0;0.0;0.0;0.0
50.0;290.0;0.0;0.0;1.0;1.0;0.0;0.0
50.0;300.0;0.0;0.0;1.0;0.0;0.0;0.0
50.0;310.0;0.0;0.0;0.0;1.0;0.0;1.0
50.0;320.0;0.0;0.0;0.0;0.0;0.0;0.0
50.0;330.0;0.0;0.0;0.0;1.0;1.0;1.0
50.0;340.0;0.0;0.0;0.0;0.0;0.0;0.0
50.0;350.0;0.0;0.0;0.0;0.0;0.0;0.0
50.0;360.0;0.0;0.0;0.0;0.0;0.0;0.0
50.0;370.0;1.0;0.0;1.0;0.0;0.0;0.0
50.0;380.0;0.0;0.0;0.0;0.0;0.0;0.0
50.0;390.0;0.0;0.0;0.0;0.0;0.0;0.0
50.0;400.0;0.0;0.0;0.0;0.0;0.0;0.0
50.0;410.0;0.0;0.0;0.0;0.0;0.0;0.0
50.0;420.0;0.0;1.0;0.0;0.0;0.0;0.0
50.0;430.0;1.0;0.0;1.0;1.0;0.0;0.0
50.0;440.0;0.0;0.0;1.0;0.0;1.0;0.0
50.0;450.0;0.0;0.0;0.0;0.0;0.0;0.0
50.0;460.0;0.0;0.0;0.0;0.0;0.0;0.0
50.0;470.0;0.0;0.0;0.0;0.0;0.0;0.0
50.0;480.0;0.0;0.0;0.0;0.0;0.0;0.0
50.0;490.0;1.0;0.0;0.0;0.0;0.0;0.0
60.0;0.0;1.0;0.0;0.0;0.0;0.0;0.0
60.0;10.0;1.0;0.0;1.0;0.0;1.0;0.0
60.0;20.0;1.0;0.0;0.0;0.0;0.0;0.0
60.0;30.0;1.0;0.0;0.0;0.0;0.0;0.0
60.0;40.0;1.0;1.0;0.0;0.0;1.0;0.0
60.0;50.0;1.0;0.0;1.0;0.0;0.0;0.0
60.0;60.0;1.0;0.0;0.0;0.0;0.0;0.0
60.0;70.0;1.0;0.0;0.0;0.0;0.0;0.0
60.0;80.0;1.0;0.0;0.0;0.0;0.0;0.0
60.0;90.0;1.0;0.0;0.0;0.0;0.0;0.0
60.0;100.0;1.0;0.0;0.0;0.0;0.0;0.0
60.0;110.0;1.0;0.0;0.0;1.0;0.0;0.0
60.0;120.0;1.0;0.0;0.0;0.0;0.0;0.0
60.0;130.0;1.0;1.0;1.0;0.0;1.0;0.0
60.0;140.0;1.0;0.0;0.0;0.0;0.0;0.0
60.0;150.0;1.0;0.0;0.0;0.0;0.0;0.0
60.0;160.0;1.0;0.0;0.0;0.0;0.0;0.0
60.0;170.0;1.0;0.0;0.0;0.0;0.0;0.0
60.0;180.0;1.0;1.0;1.0;1.0;1.0;1.0
60.0;190.0;1.0;0.0;0.0;1.0;0.0;0.0
60.0;200.0;1.0;0.0;0.0;0.0;0.0;0.0
60.0;210.0;1.0;0.0;1.0;0.0;0.0;0.0
60.0;220.0;1.0;0.0;1.0;0.0;0.0;0.0
60.0;230.0;1.0;1.0;0.0;1.0;0.0;0.0
60.0;240.0;1.0;0.0;0.0;0.0;0.0;0.0
60.0;250.0;1.0;0.0;0.0;1.0;0.0;1.0
60.0;260.0;1.0;0.0;0.0;1.0;0.0;0.0
60.0;270.0;1.0;1.0;0.0;0.0;0.0;0.0
60.0;280.0;1.0;0.0;0.0;0.0;0.0;0.0
60.0;290.0;1.0;0.0;0.0;0.0;0.0;1.0
60.0;300.0;1.0;1.0;0.0;0.0;0.0;0.0
60.0;310.0;1.0;0.0;0.0;0.0;0.0;0.0
60.0;320.0;1.0;0.0;0.0;0.0;1.0;0.0
60.0;330.0;1.0;0.0;0.0;0.0;0.0;0.0
60.0;340.0;1.0;1.0;0.0;1.0;1.0;0.0
60.0;350.0;1.0;0.0;0.0;0.0;0.0;0.0
60.0;360.0;1.0;0.0;0.0;0.0;0.0;0.0
60.0;370.0;1.0;0.0;0.0;0.0;0.0;0.0
60.0;380.0;1.0;0.0;0.0;0.0;0.0;0.0
60.0;390.0;1.0;0.0;0.0;0.0;0.0;0.0
60.0;400.0;1.0;0.0;0.0;0.0;0.0;0.0
60.0;410.0;1.0;0.0;0.0;0.0;0.0;0.0
60.0;420.0;1.0;0.0;0.0;0.0;1.0;0.0
60.0;430.0;1.0;0.0;0.0;0.0;0.0;0.0
60.0;440.0;1.0;0.0;0.0;0.0;0.0;0.0
60.0;450.0;1.0;0.0;0.0;1.0;0.0;0.0
60.0;460.0;1.0;0.0;0.0;0.0;0.0;0.0
60.0;470.0;1.0;0.0;0.0;0.0;0.0;0.0
60.0;480.0;1.0;0.0;0.0;0.0;0.0;0.0
60.0;490.0;1.0;1.0;0.0;0.0;0.0;0.0
70.0;0.0;1.0;0.0;0.0;0.0;0.0;0.0
70.0;10.0;0.0;0.0;0.0;0.0;0.0;0.0
70.0;20.0;0.0;0.0;0.0;0.0;0.0;0.0
70.0;30.0;0.0;0.0;0.0;0.0;0.0;0.0
70.0;40.0;0.0;0.0;0.0;0.0;0.0;0.0
70.0;50.0;0.0;0.0;0.0;0.0;0.0;0.0
70.0;60.0;1.0;0.0;0.0;0.0;0.0;0.0
70.0;70.0;0.0;1.0;1.0;1.0;1.0;1.0
70.0;80.0;0.0;0.0;0.0;0.0;0.0;0.0
70.0;90.0;0.0;0.0;0.0;0.0;0.0;0.0
70.0;100.0;0.0;1.0;0.0;0.0;0.0;1.0
70.0;110.0;1.0;0.0;0.0;0.0;0.0;0.0
70.0;120.0;0.0;0.0;0.0;0.0;0.0;0.0
70.0;130.0;0.0;1.0;1.0;1.0;0.0;1.0
70.0;140.0;0.0;0.0;0.0;0.0;0.0;0.0
70.0;150.0;0.0;0.0;1.0;0.0;0.0;0.0
70.0;160.0;0.0;0.0;0.0;0.0;1.0;1.0
70.0;170.0;0.0;0.0;0.0;0.0;0.0;0.0
70.0;180.0;0.0;0.0;0.0;0.0;1.0;0.0
70.0;190.0;0.0;0.0;0.0;0.0;0.0;0.0
70.0;200.0;0.0;0.0;1.0;0.0;0.0;0.0
70.0;210.0;0.0;0.0;0.0;0.0;0.0;1.0
70.0;220.0;0.0;1.0;0.0;0.0;0.0;1.0
70.0;230.0;0.0;1.0;1.0;1.0;0.0;1.0
70.0;240.0;0.0;1.0;0.0;0.0;0.0;0.0
70.0;250.0;0.0;0.0;1.0;0.0;0.0;0.0
70.0;260.0;0.0;0.0;0.0;0.0;0.0;0.0
70.0;270.0;0.0;0.0;0.0;0.0;0.0;0.0
70.0;280.0;0.0;0.0;0.0;0.0;0.0;0.0
70.0;290.0;0.0;0.0;0.0;1.0;0.0;0.0
70.0;300.0;0.0;0.0;0.0;0.0;0.0;0.0
70.0;310.0;0.0;0.0;0.0;0.0;0.0;0.0
70.0;320.0;0.0;0.0;0.0;0.0;0.0;0.0
70.0;330.0;0.0;0.0;1.0;1.0;0.0;0.0
70.0;340.0;0.0;1.0;0.0;0.0;0.0;1.0
70.0;350.0;0.0;0.0;1.0;0.0;0.0;0.0
70.0;360.0;0.0;0.0;0.0;0.0;0.0;0.0
70.0;370.0;1.0;0.0;0.0;0.0;0.0;0.0
70.0;380.0;0.0;0.0;0.0;0.0;0.0;0.0
70.0;390.0;0.0;0.0;0.0;0.0;0.0;0.0
70.0;400.0;0.0;0.0;0.0;0.0;0.0;0.0
70.0;410.0;0.0;1.0;1.0;0.0;0.0;0.0
70.0;420.0;0.0;0.0;0.0;0.0;0.0;1.0
70.0;430.0;1.0;0.0;0.0;1.0;1.0;0.0
70.0;440.0;0.0;0.0;0.0;0.0;1.0;0.0
70.0;450.0;0.0;0.0;0.0;1.0;0.0;0.0
70.0;460.0;0.0;0.0;1.0;1.0;1.0;1.0
70.0;470.0;0.0;0.0;0.0;0.0;0.0;0.0
70.0;480.0;0.0;1.0;0.0;0.0;1.0;1.0
70.0;490.0;1.0;0.0;0.0;0.0;0.0;0.0
80.0;0.0;1.0;0.0;0.0;0.0;0.0;0.0
80.0;10.0;0.0;0.0;1.0;0.0;0.0;0.0
80.0;20.0;0.0;0.0;0.0;0.0;0.0;0.0
80.0;30.0;0.0;0.0;0.0;0.0;0.0;1.0
80.0;40.0;0.0;0.0;0.0;0.0;0.0;0.0
80.0;50.0;0.0;0.0;0.0;0.0;0.0;0.0
80.0;60.0;1.0;0.0;0.0;0.0;0.0;0.0
80.0;70.0;0.0;0.0;0.0;1.0;0.0;0.0
80.0;80.0;0.0;0.0;0.0;1.0;0.0;1.0
80.0;90.0;0.0;0.0;0.0;0.0;0.0;0.0
80.0;100.0;0.0;1.0;0.0;1.0;0.0;0.0
80.0;110.0;1.0;0.0;1.0;0.0;0.0;0.0
80.0;120.0;0.0;0.0;0.0;0.0;0.0;1.0
80.0;130.0;0.0;0.0;0.0;0.0;0.0;0.0
80.0;140.0;0.0;0.0;0.0;0.0;0.0;0.0
80.0;150.0;0.0;0.0;0.0;0.0;0.0;0.0
80.0;160.0;0.0;1.0;0.0;0.0;0.0;0.0
80.0;170.0;0.0;1.0;0.0;0.0;1.0;0.0
80.0;180.0;0.0;0.0;0.0;0.0;0.0;0.0
80.0;190.0;0.0;0.0;0.0;0.0;0.0;0.0
80.0;200.0;0.0;0.0;0.0;0.0;0.0;0.0
80.0;210.0;0.0;0.0;0.0;0.0;0.0;0.0
80.0;220.0;0.0;0.0;0.0;1.0;0.0;0.0
80.0;230.0;0.0;0.0;0.0;0.0;0.0;0.0
80.0;240.0;0.0;0.0;0.0;1.0;0.0;0.0
80.0;250.0;0.0;0.0;0.0;0.0;0.0;0.0
80.0;260.0;0.0;0.0;0.0;0.0;0.0;0.0
80.0;270.0;0.0;0.0;0.0;0.0;1.0;0.0
80.0;280.0;0.0;0.0;0.0;0.0;0.0;0.0
80.0;290.0;0.0;0.0;0.0;0.0;0.0;1.0
80.0;300.0;0.0;0.0;0.0;0.0;0.0;0.0
80.0;310.0;0.0;0.0;0.0;0.0;1.0;0.0
80.0;320.0;0.0;1.0;1.0;0.0;0.0;0.0
80.0;330.0;0.0;0.0;0.0;0.0;0.0;0.0
80.0;340.0;0.0;0.0;0.0;0.0;0.0;0.0
80.0;350.0;0.0;1.0;0.0;1.0;0.0;0.0
80.0;360.0;0.0;1.0;0.0;0.0;0.0;1.0
80.0;370.0;1.0;0.0;0.0;1.0;0.0;0.0
80.0;380.0;0.0;0.0;0.0;0.0;0.0;0.0
80.0;390.0;0.0;0.0;0.0;0.0;0.0;0.0
80.0;400.0;0.0;0.0;0.0;0.0;0.0;0.0
80.0;410.0;0.0;0.0;1.0;0.0;0.0;0.0
80.0;420.0;0.0;0.0;0.0;0.0;1.0;0.0
80.0;430.0;1.0;0.0;0.0;0.0;1.0;0.0
80.0;440.0;0.0;0.0;1.0;0.0;0.0;0.0
80.0;450.0;0.0;0.0;0.0;0.0;0.0;0.0
80.0;460.0;0.0;0.0;0.0;0.0;0.0;0.0
80.0;470.0;0.0;0.0;0.0;0.0;0.0;0.0
80.0;480.0;0.0;0.0;0.0;1.0;0.0;0.0
80.0;490.0;1.0;0.0;0.0;0.0;0.0;0.0
90.0;0.0;1.0;0.0;0.0;0.0;0.0;0.0
90.0;10.0;0.0;0.0;0.0;0.0;0.0;0.0
90.0;20.0;0.0;1.0;1.0;1.0;1.0;1.0
90.0;30.0;0.0;0.0;0.0;0.0;0.0;0.0
90.0;40.0;0.0;0.0;0.0;1.0;1.0;0.0
90.0;50.0;0.0;0.0;0.0;0.0;0.0;0.0
90.0;60.0;1.0;0.0;0.0;0.0;0.0;0.0
90.0;70.0;0.0;0.0;1.0;0.0;0.0;1.0
90.0;80.0;0.0;0.0;0.0;0.0;0.0;0.0
90.0;90.0;0.0;0.0;0.0;0.0;0.0;0.0
90.0;100.0;0.0;0.0;0.0;0.0;0.0;0.0
90.0;110.0;1.0;0.0;0.0;0.0;0.0;0.0
90.0;120.0;0.0;0.0;0.0;1.0;0.0;1.0
90.0;130.0;0.0;0.0;0.0;0.0;0.0;0.0
90.0;140.0;0.0;1.0;0.0;0.0;1.0;0.0
90.0;150.0;0.0;0.0;0.0;0.0;1.0;1.0
90.0;160.0;0.0;0.0;0.0;0.0;0.0;0.0
90.0;170.0;0.0;0.0;0.0;0.0;0.0;0.0
90.0;180.0;0.0;0.0;0.0;0.0;0.0;0.0
90.0;190.0;0.0;0.0;0.0;0.0;0.0;0.0
90.0;200.0;0.0;0.0;1.0;0.0;0.0;1.0
90.0;210.0;0.0;0.0;0.0;0.0;1.0;0.0
90.0;220.0;0.0;0.0;0.0;0.0;0.0;0.0
90.0;230.0;0.0;0.0;0.0;0.0;0.0;0.0
90.0;240.0;0.0;0.0;0.0;0.0;0.0;0.0
90.0;250.0;0.0;0.0;0.0;0.0;0.0;0.0
90.0;260.0;0.0;0.0;0.0;0.0;0.0;0.0
90.0;270.0;0.0;0.0;0.0;0.0;0.0;0.0
90.0;280.0;0.0;0.0;0.0;0.0;0.0;1.0
90.0;290.0;0.0;0.0;0.0;0.0;0.0;0.0
90.0;300.0;0.0;0.0;0.0;0.0;0.0;1.0
90.0;310.0;0.0;0.0;0.0;0.0;0.0;0.0
90.0;320.0;0.0;0.0;0.0;0.0;0.0;0.0
90.0;330.0;0.0;0.0;0.0;0.0;0.0;0.0
90.0;340.0;0.0;0.0;0.0;0.0;0.0;0.0
90.0;350.0;0.0;0.0;0.0;0.0;0.0;0.0
90.0;360.0;0.0;0.0;0.0;0.0;0.0;0.0
90.0;370.0;1.0;0.0;0.0;0.0;0.0;0.0
90.0;380.0;0.0;0.0;0.0;0.0;0.0;0.0
90.0;390.0;0.0;0.0;0.0;1.0;1.0;0.0
90.0;400.0;0.0;0.0;0.0;0.0;0.0;0.0
90.0;410.0;0.0;0.0;0.0;0.0;0.0;0.0
90.0;420.0;0.0;0.0;0.0;0.0;0.0;0.0
90.0;430.0;1.0;0.0;0.0;0.0;0.0;0.0
90.0;440.0;0.0;0.0;0.0;1.0;0.0;0.0
90.0;450.0;0.0;0.0;0.0;0.0;0.0;0.0
90.0;460.0;0.0;1.0;0.0;0.0;1.0;0.0
90.0;470.0;0.0;0.0;0.0;0.0;0.0;0.0
90.0;480.0;0.0;0.0;0.0;0.0;0.0;0.0
90.0;490.0;1.0;0.0;0.0;1.0;0.0;0.0
100.0;0.0;1.0;1.0;0.0;1.0;0.0;0.0
100.0;10.0;0.0;0.0;0.0;0.0;0.0;1.0
100.0;20.0;0.0;0.0;0.0;0.0;0.0;0.0
100.0;30.0;0.0;0.0;0.0;0.0;0.0;0.0
100.0;40.0;0.0;1.0;1.0;0.0;0.0;0.0
100.0;50.0;0.0;0.0;0.0;0.0;0.0;0.0
100.0;60.0;1.0;0.0;0.0;0.0;0.0;0.0
100.0;70.0;0.0;0.0;0.0;0.0;0.0;0.0
100.0;80.0;0.0;0.0;0.0;0.0;0.0;1.0
100.0;90.0;0.0;0.0;0.0;1.0;0.0;1.0
100.0;100.0;0.0;0.0;0.0;0.0;0.0;0.0
100.0;110.0;1.0;0.0;0.0;0.0;0.0;0.0
100.0;120.0;0.0;0.0;1.0;0.0;0.0;0.0
100.0;130.0;0.0;0.0;1.0;0.0;0.0;0.0
100.0;140.0;0.0;0.0;0.0;0.0;0.0;0.0
100.0;150.0;0.0;0.0;0.0;1.0;0.0;1.0
100.0;160.0;0.0;0.0;0.0;1.0;0.0;0.0
100.0;170.0;0.0;0.0;0.0;0.0;0.0;0.0
100.0;180.0;0.0;0.0;0.0;0.0;0.0;0.0
100.0;190.0;0.0;0.0;0.0;0.0;1.0;0.0
100.0;200.0;0.0;1.0;1.0;0.0;0.0;0.0
100.0;210.0;0.0;0.0;0.0;0.0;0.0;0.0
100.0;220.0;0.0;1.0;0.0;0.0;0.0;0.0
100.0;230.0;0.0;0.0;0.0;0.0;0.0;0.0
100.0;240.0;0.0;0.0;0.0;0.0;0.0;0.0
100.0;250.0;0.0;0.0;0.0;0.0;0.0;0.0
100.0;260.0;0.0;0.0;0.0;0.0;0.0;0.0
100.0;270.0;0.0;0.0;0.0;0.0;0.0;0.0
100.0;280.0;0.0;1.0;0.0;0.0;1.0;0.0
100.0;290.0;0.0;0.0;0.0;0.0;0.0;0.0
100.0;300.0;0.0;0.0;0.0;0.0;0.0;0.0
100.0;310.0;0.0;0.0;0.0;0.0;0.0;0.0
100.0;320.0;0.0;0.0;0.0;0.0;0.0;0.0
100.0;330.0;0.0;0.0;1.0;0.0;0.0;1.0
100.0;340.0;0.0;0.0;0.0;0.0;0.0;0.0
100.0;350.0;0.0;0.0;0.0;0.0;0.0;0.0
100.0;360.0;0.0;1.0;0.0;0.0;0.0;0.0
100.0;370.0;1.0;1.0;1.0;1.0;1.0;1.0
100.0;380.0;0.0;0.0;0.0;0.0;1.0;0.0
100.0;390.0;0.0;0.0;0.0;1.0;0.0;0.0
100.0;400.0;0.0;0.0;0.0;0.0;0.0;0.0
100.0;410.0;0.0;1.0;1.0;1.0;0.0;0.0
100.0;420.0;0.0;0.0;1.0;0.0;0.0;0.0
100.0;430.0;1.0;0.0;0.0;0.0;0.0;0.0
100.0;440.0;0.0;0.0;0.0;0.0;0.0;0.0
100.0;450.0;0.0;0.0;0.0;0.0;0.0;0.0
100.0;460.0;0.0;0.0;0.0;0.0;0.0;0.0
100.0;470.0;0.0;0.0;0.0;0.0;0.0;0.0
100.0;480.0;0.0;0.0;0.0;0.0;0.0;0.0
100.0;490.0;1.0;0.0;0.0;0.0;0.0;0.0
110.0;0.0;1.0;0.0;0.0;0.0;0.0;0.0
110.0;10.0;1.0;0.0;0.0;0.0;0.0;0.0
110.0;20.0;1.0;0.0;0.0;0.0;0.0;0.0
110.0;30.0;1.0;0.0;0.0;0.0;0.0;0.0
110.0;40.0;1.0;0.0;0.0;0.0;0.0;0.0
110.0;50.0;1.0;0.0;0.0;0.0;0.0;0.0
110.0;60.0;1.0;0.0;0.0;0.0;0.0;0.0
110.0;70.0;1.0;0.0;0.0;0.0;0.0;0.0
110.0;80.0;1.0;0.0;0.0;0.0;0.0;0.0
110.0;90.0;1.0;0.0;0.0;0.0;0.0;0.0
110.0;100.0;1.0;0.0;0.0;0.0;0.0;0.0
110.0;110.0;1.0;0.0;0.0;0.0;0.0;0.0
110.0;120.0;1.0;1.0;1.0;1.0;0.0;0.0
110.0;130.0;1.0;0.0;0.0;0.0;0.0;0.0
110.0;140.0;1.0;0.0;1.0;0.0;0.0;0.0
110.0;150.0;1.0;0.0;0.0;0.0;0.0;0.0
110.0;160.0;1.0;1.0;0.0;0.0;0.0;1.0
110.0;170.0;1.0;0.0;0.0;0.0;0.0;0.0
110.0;180.0;1.0;0.0;0.0;0.0;0.0;0.0
110.0;190.0;1.0;0.0;0.0;0.0;0.0;0.0
110.0;200.0;1.0;0.0;0.0;0.0;0.0;0.0
110.0;210.0;1.0;0.0;0.0;0.0;0.0;0.0
110.0;220.0;1.0;1.0;1.0;1.0;1.0;1.0
110.0;230.0;1.0;0.0;0.0;0.0;0.0;1.0
110.0;240.0;1.0;0.0;0.0;0.0;0.0;0.0
110.0;250.0;1.0;1.0;1.0;1.0;1.0;1.0
110.0;260.0;1.0;0.0;0.0;0.0;1.0;0.0
110.0;270.0;1.0;0.0;0.0;0.0;0.0;0.0
110.0;280.0;1.0;0.0;0.0;0.0;0.0;0.0
110.0;290.0;1.0;1.0;1.0;1.0;1.0;1.0
110.0;300.0;1.0;0.0;0.0;0.0;0.0;0.0
110.0;310.0;1.0;0.0;0.0;0.0;0.0;0.0
110.0;320.0;1.0;0.0;0.0;0.0;1.0;0.0
110.0;330.0;1.0;0.0;0.0;0.0;0.0;0.0
110.0;340.0;1.0;0.0;0.0;0.0;0.0;0.0
110.0;350.0;1.0;0.0;0.0;0.0;0.0;0.0
110.0;360.0;1.0;0.0;0.0;0.0;0.0;0.0
110.0;370.0;1.0;0.0;0.0;0.0;0.0;0.0
110.0;380.0;1.0;0.0;0.0;0.0;0.0;0.0
110.0;390.0;1.0;0.0;1.0;0.0;0.0;0.0
110.0;400.0;1.0;0.0;0.0;0.0;0.0;0.0
110.0;410.0;1.0;0.0;1.0;0.0;1.0;0.0
110.0;420.0;1.0;0.0;1.0;1.0;0.0;0.0
110.0;430.0;1.0;0.0;0.0;0.0;0.0;0.0
110.0;440.0;1.0;0.0;0.0;0.0;1.0;0.0
110.0;450.0;1.0;0.0;0.0;0.0;0.0;0.0
110.0;460.0;1.0;1.0;0.0;0.0;0.0;0.0
110.0;470.0;1.0;0.0;1.0;0.0;1.0;0.0
110.0;480.0;1.0;0.0;0.0;0.0;0.0;0.0
110.0;490.0;1.0;0.0;0.0;0.0;0.0;0.0
120.0;0.0;1.0;0.0;0.0;0.0;0.0;0.0
120.0;10.0;0.0;0.0;1.0;0.0;0.0;0.0
120.0;20.0;0.0;0.0;0.0;0.0;0.0;0.0
120.0;30.0;0.0;1.0;0.0;0.0;0.0;0.0
120.0;40.0;0.0;0.0;0.0;0.0;0.0;0.0
120.0;50.0;0.0;0.0;0.0;0.0;0.0;0.0
120.0;60.0;1.0;1.0;1.0;1.0;1.0;1.0
120.0;70.0;0.0;1.0;0.0;1.0;0.0;0.0
120.0;80.0;0.0;0.0;0.0;0.0;0.0;0.0
120.0;90.0;0.0;0.0;0.0;0.0;0.0;0.0
120.0;100.0;0.0;0.0;0.0;0.0;0.0;0.0
120.0;110.0;1.0;0.0;0.0;0.0;1.0;0.0
120.0;370.0;1.0;0.0;0.0;0.0;0.0;0.0
120.0;380.0;0.0;0.0;0.0;0.0;0.0;0.0
120.0;390.0;0.0;0.0;0.0;0.0;0.0;0.0
120.0;400.0;0.0;1.0;1.0;1.0;1.0;1.0
120.0;410.0;0.0;0.0;0.0;0.0;0.0;0.0
120.0;420.0;0.0;1.0;1.0;1.0;1.0;1.0
120.0;430.0;1.0;0.0;0.0;0.0;0.0;0.0
120.0;440.0;0.0;0.0;0.0;0.0;0.0;0.0
120.0;450.0;0.0;0.0;0.0;0.0;0.0;0.0
120.0;460.0;0.0;0.0;0.0;1.0;0.0;0.0
120.0;470.0;0.0;0.0;0.0;0.0;0.0;0.0
120.0;480.0;0.0;0.0;0.0;1.0;0.0;0.0
120.0;490.0;1.0;1.0;0.0;0.0;0.0;0.0
130.0;0.0;1.0;0.0;0.0;0.0;0.0;0.0
130.0;10.0;0.0;0.0;0.0;0.0;0.0;0.0
130.0;20.0;0.0;0.0;0.0;0.0;0.0;0.0
130.0;30.0;0.0;0.0;1.0;0.0;0.0;1.0
130.0;40.0;0.0;0.0;0.0;0.0;0.0;0.0
130.0;50.0;0.0;0.0;0.0;0.0;0.0;0.0
130.0;60.0;1.0;0.0;0.0;0.0;0.0;0.0
130.0;70.0;0.0;0.0;0.0;0.0;1.0;0.0
130.0;80.0;0.0;0.0;0.0;0.0;0.0;0.0
130.0;90.0;0.0;1.0;0.0;0.0;0.0;0.0
130.0;100.0;0.0;0.0;0.0;0.0;0.0;0.0
130.0;110.0;1.0;0.0;0.0;0.0;0.0;0.0
130.0;370.0;1.0;0.0;0.0;0.0;0.0;0.0
130.0;380.0;0.0;0.0;1.0;1.0;1.0;1.0
130.0;390.0;0.0;0.0;0.0;0.0;0.0;0.0
130.0;400.0;0.0;0.0;1.0;0.0;0.0;0.0
130.0;410.0;0.0;0.0;0.0;0.0;0.0;0.0
130.0;420.0;0.0;0.0;0.0;0.0;1.0;1.0
130.0;430.0;1.0;0.0;0.0;0.0;0.0;0.0
130.0;440.0;0.0;1.0;0.0;1.0;0.0;0.0
130.0;450.0;0.0;0.0;0.0;0.0;0.0;0.0
130.0;460.0;0.0;0.0;0.0;1.0;1.0;0.0
130.0;470.0;0.0;0.0;0.0;0.0;0.0;0.0
130.0;480.0;0.0;0.0;0.0;0.0;0.0;0.0
130.0;490.0;1.0;0.0;0.0;0.0;0.0;1.0
140.0;0.0;1.0;0.0;0.0;0.0;0.0;0.0
140.0;10.0;0.0;0.0;0.0;0.0;0.0;0.0
140.0;20.0;0.0;0.0;0.0;0.0;0.0;0.0
140.0;30.0;0.0;0.0;0.0;0.0;0.0;0.0
140.0;40.0;0.0;0.0;0.0;0.0;0.0;0.0
140.0;50.0;0.0;0.0;1.0;0.0;0.0;0.0
140.0;60.0;1.0;0.0;0.0;0.0;0.0;0.0
140.0;70.0;0.0;0.0;0.0;0.0;0.0;0.0
140.0;80.0;0.0;1.0;0.0;0.0;0.0;0.0
140.0;90.0;0.0;0.0;0.0;0.0;0.0;0.0
140.0;100.0;0.0;0.0;0.0;1.0;1.0;0.0
140.0;110.0;1.0;0.0;0.0;0.0;0.0;0.0
140.0;370.0;1.0;0.0;0.0;0.0;0.0;0.0
140.0;380.0;0.0;0.0;1.0;0.0;0.0;1.0
140.0;390.0;0.0;0.0;1.0;0.0;0.0;0.0
140.0;400.0;0.0;0.0;0.0;0.0;0.0;0.0
140.0;410.0;0.0;0.0;0.0;0.0;0.0;0.0
140.0;420.0;0.0;0.0;0.0;0.0;0.0;0.0
140.0;430.0;1.0;0.0;0.0;0.0;0.0;0.0
140.0;440.0;0.0;0.0;1.0;1.0;1.0;0.0
140.0;450.0;0.0;1.0;0.0;0.0;0.0;0.0
140.0;460.0;0.0;1.0;1.0;0.0;1.0;0.0
140.0;470.0;0.0;0.0;0.0;0.0;0.0;0.0
140.0;480.0;0.0;0.0;0.0;0.0;0.0;0.0
140.0;490.0;1.0;0.0;1.0;0.0;0.0;0.0
150.0;0.0;1.0;0.0;0.0;0.0;0.0;0.0
150.0;10.0;0.0;0.0;0.0;0.0;0.0;0.0
150.0;20.0;0.0;0.0;0.0;0.0;0.0;0.0
150.0;30.0;0.0;0.0;0.0;0.0;0.0;0.0
150.0;40.0;0.0;0.0;0.0;0.0;0.0;1.0
150.0;50.0;0.0;0.0;0.0;0.0;0.0;0.0
150.0;60.0;1.0;0.0;1.0;0.0;1.0;0.0
150.0;70.0;0.0;0.0;0.0;0.0;0.0;0.0
150.0;80.0;0.0;0.0;0.0;0.0;1.0;1.0
150.0;90.0;0.0;0.0;0.0;0.0;0.0;0.0
150.0;100.0;0.0;1.0;1.0;1.0;1.0;1.0
150.0;110.0;1.0;0.0;0.0;0.0;0.0;0.0
150.0;370.0;1.0;1.0;1.0;0.0;0.0;0.0
150.0;380.0;0.0;0.0;0.0;0.0;0.0;0.0
150.0;390.0;0.0;0.0;0.0;0.0;0.0;0.0
150.0;400.0;0.0;1.0;0.0;0.0;0.0;0.0
150.0;410.0;0.0;0.0;0.0;0.0;0.0;0.0
150.0;420.0;0.0;0.0;0.0;1.0;0.0;0.0
150.0;430.0;1.0;0.0;1.0;0.0;0.0;1.0
150.0;440.0;0.0;0.0;0.0;0.0;0.0;0.0
150.0;450.0;0.0;0.0;0.0;1.0;0.0;0.0
150.0;460.0;0.0;0.0;0.0;0.0;0.0;0.0
150.0;470.0;0.0;0.0;0.0;1.0;0.0;0.0
150.0;480.0;0.0;0.0;0.0;0.0;0.0;0.0
150.0;490.0;1.0;0.0;0.0;0.0;0.0;0.0
160.0;0.0;1.0;1.0;0.0;0.0;0.0;0.0
160.0;10.0;0.0;0.0;0.0;0.0;0.0;0.0
160.0;20.0;0.0;0.0;0.0;0.0;1.0;0.0
160.0;30.0;0.0;0.0;1.0;0.0;0.0;0.0
160.0;40.0;0.0;0.0;0.0;1.0;0.0;0.0
160.0;50.0;0.0;0.0;0.0;0.0;0.0;0.0
160.0;60.0;1.0;0.0;0.0;0.0;0.0;0.0
160.0;70.0;0.0;0.0;0.0;0.0;0.0;0.0
160.0;80.0;0.0;0.0;0.0;0.0;0.0;1.0
160.0;90.0;0.0;0.0;0.0;0.0;0.0;0.0
160.0;100.0;0.0;0.0;0.0;0.0;0.0;0.0
160.0;110.0;1.0;0.0;0.0;0.0;0.0;0.0
160.0;370.0;1.0;0.0;0.0;0.0;0.0;0.0
160.0;380.0;0.0;0.0;0.0;0.0;0.0;0.0
160.0;390.0;0.0;0.0;0.0;0.0;0.0;0.0
160.0;400.0;0.0;0.0;0.0;0.0;0.0;1.0
160.0;410.0;0.0;1.0;0.0;0.0;0.0;0.0
160.0;420.0;0.0;0.0;1.0;0.0;1.0;1.0
160.0;430.0;1.0;0.0;0.0;0.0;0.0;0.0
160.0;440.0;0.0;1.0;0.0;1.0;0.0;0.0
160.0;450.0;0.0;0.0;0.0;0.0;0.0;0.0
160.0;460.0;0.0;0.0;1.0;0.0;0.0;0.0
160.0;470.0;0.0;0.0;0.0;0.0;0.0;0.0
160.0;480.0;0.0;0.0;0.0;1.0;0.0;0.0
160.0;490.0;1.0;0.0;0.0;1.0;0.0;0.0
170.0;0.0;1.0;0.0;0.0;1.0;0.0;0.0
170.0;10.0;0.0;0.0;0.0;0.0;0.0;0.0
170.0;20.0;0.0;0.0;0.0;0.0;0.0;0.0
170.0;30.0;0.0;0.0;0.0;0.0;0.0;1.0
170.0;40.0;0.0;0.0;0.0;0.0;0.0;0.0
170.0;50.0;0.0;0.0;1.0;0.0;0.0;0.0
170.0;60.0;1.0;0.0;0.0;0.0;1.0;0.0
170.0;70.0;0.0;0.0;1.0;0.0;0.0;0.0
170.0;80.0;0.0;0.0;0.0;0.0;0.0;0.0
170.0;90.0;0.0;0.0;0.0;1.0;1.0;0.0
170.0;100.0;0.0;0.0;0.0;0.0;0.0;0.0
170.0;110.0;1.0;0.0;0.0;0.0;0.0;0.0
170.0;370.0;1.0;0.0;0.0;0.0;0.0;0.0
170.0;380.0;0.0;0.0;0.0;0.0;0.0;0.0
170.0;390.0;0.0;0.0;0.0;0.0;0.0;0.0
170.0;400.0;0.0;0.0;0.0;0.0;0.0;0.0
170.0;410.0;0.0;0.0;0.0;0.0;0.0;0.0
170.0;420.0;0.0;0.0;0.0;0.0;0.0;0.0
170.0;430.0;1.0;0.0;0.0;0.0;0.0;0.0
170.0;440.0;0.0;0.0;1.0;0.0;0.0;0.0
170.0;450.0;0.0;0.0;0.0;0.0;0.0;0.0
170.0;460.0;0.0;0.0;0.0;0.0;0.0;0.0
170.0;470.0;0.0;1.0;1.0;1.0;0.0;1.0
170.0;480.0;0.0;1.0;0.0;0.0;0.0;0.0
170.0;490.0;1.0;0.0;0.0;0.0;0.0;0.0
180.0;0.0;1.0;0.0;0.0;0.0;0.0;0.0
180.0;10.0;0.0;0.0;0.0;0.0;0.0;0.0
180.0;20.0;0.0;1.0;0.0;0.0;0.0;1.0
180.0;30.0;0.0;1.0;0.0;0.0;0.0;1.0
180.0;40.0;0.0;0.0;0.0;0.0;0.0;0.0
180.0;50.0;0.0;0.0;1.0;0.0;0.0;0.0
180.0;60.0;1.0;0.0;0.0;0.0;0.0;0.0
180.0;70.0;0.0;0.0;0.0;0.0;0.0;0.0
180.0;80.0;0.0;0.0;0.0;0.0;0.0;0.0
180.0;90.0;0.0;0.0;0.0;0.0;0.0;0.0
180.0;100.0;0.0;0.0;0.0;0.0;0.0;0.0
180.0;110.0;1.0;0.0;0.0;1.0;0.0;0.0
180.0;370.0;1.0;0.0;0.0;1.0;0.0;0.0
180.0;380.0;0.0;0.0;0.0;0.0;0.0;0.0
180.0;390.0;0.0;0.0;0.0;0.0;0.0;1.0
180.0;400.0;0.0;0.0;0.0;0.0;0.0;0.0
180.0;410.0;0.0;1.0;0.0;0.0;0.0;0.0
180.0;420.0;0.0;0.0;0.0;0.0;0.0;0.0
180.0;430.0;1.0;0.0;0.0;0.0;0.0;0.0
180.0;440.0;0.0;0.0;0.0;0.0;0.0;0.0
180.0;450.0;0.0;0.0;1.0;0.0;0.0;0.0
180.0;460.0;0.0;0.0;0.0;0.0;0.0;0.0
180.0;470.0;0.0;0.0;0.0;0.0;0.0;0.0
180.0;480.0;0.0;1.0;0.0;0.0;0.0;1.0
180.0;490.0;1.0;0.0;0.0;0.0;0.0;0.0
190.0;0.0;1.0;0.0;0.0;0.0;0.0;0.0
190.0;10.0;0.0;0.0;0.0;0.0;0.0;0.0
190.0;20.0;0.0;0.0;0.0;0.0;0.0;0.0
190.0;30.0;0.0;0.0;0.0;0.0;0.0;0.0
190.0;40.0;0.0;0.0;0.0;0.0;0.0;0.0
190.0;50.0;0.0;1.0;0.0;0.0;0.0;0.0
190.0;60.0;1.0;0.0;0.0;0.0;0.0;0.0
190.0;70.0;0.0;0.0;0.0;0.0;0.0;0.0
190.0;80.0;0.0;0.0;0.0;0.0;0.0;0.0
190.0;90.0;0.0;0.0;1.0;0.0;1.0;0.0
190.0;100.0;0.0;0.0;0.0;0.0;0.0;0.0
190.0;110.0;1.0;0.0;1.0;0.0;0.0;0.0
190.0;370.0;1.0;1.0;1.0;1.0;1.0;1.0
190.0;380.0;0.0;0.0;1.0;0.0;1.0;0.0
190.0;390.0;0.0;0.0;1.0;0.0;0.0;0.0
190.0;400.0;0.0;0.0;0.0;0.0;0.0;0.0
190.0;410.0;0.0;1.0;1.0;1.0;1.0;1.0
190.0;420.0;0.0;0.0;0.0;0.0;1.0;0.0
190.0;430.0;1.0;0.0;0.0;0.0;0.0;0.0
190.0;440.0;0.0;0.0;0.0;0.0;0.0;0.0
190.0;450.0;0.0;0.0;0.0;0.0;0.0;0.0
190.0;460.0;0.0;0.0;0.0;0.0;0.0;0.0
190.0;470.0;0.0;0.0;0.0;0.0;0.0;0.0
190.0;480.0;0.0;0.0;0.0;0.0;0.0;0.0
190.0;490.0;1.0;0.0;0.0;0.0;0.0;0.0
200.0;0.0;1.0;0.0;0.0;0.0;1.0;0.0
200.0;10.0;0.0;0.0;0.0;0.0;0.0;0.0
200.0;20.0;0.0;0.0;0.0;0.0;0.0;0.0
200.0;30.0;0.0;0.0;0.0;0.0;0.0;0.0
200.0;40.0;0.0;1.0;1.0;0.0;1.0;1.0
200.0;50.0;0.0;0.0;1.0;0.0;0.0;0.0
200.0;60.0;1.0;0.0;0.0;0.0;0.0;0.0
200.0;70.0;0.0;0.0;0.0;0.0;0.0;0.0
200.0;80.0;0.0;0.0;0.0;0.0;0.0;0.0
200.0;90.0;0.0;0.0;0.0;0.0;0.0;0.0
200.0;100.0;0.0;0.0;0.0;0.0;0.0;0.0
200.0;110.0;1.0;0.0;0.0;0.0;0.0;0.0
200.0;370.0;1.0;1.0;0.0;0.0;0.0;0.0
200.0;380.0;0.0;1.0;0.0;0.0;0.0;0.0
200.0;390.0;0.0;0.0;0.0;0.0;0.0;0.0
200.0;400.0;0.0;0.0;0.0;0.0;0.0;0.0
200.0;410.0;0.0;0.0;0.0;0.0;0.0;0.0
200.0;420.0;0.0;0.0;0.0;0.0;0.0;0.0
200.0;430.0;1.0;0.0;0.0;0.0;0.0;0.0
200.0;440.0;0.0;0.0;0.0;0.0;0.0;1.0
200.0;450.0;0.0;0.0;0.0;0.0;0.0;0.0
200.0;460.0;0.0;0.0;0.0;0.0;0.0;1.0
200.0;470.0;0.0;0.0;0.0;0.0;0.0;0.0
200.0;480.0;0.0;0.0;1.0;0.0;0.0;0.0
200.0;490.0;1.0;0.0;0.0;0.0;0.0;0.0
210.0;0.0;1.0;0.0;0.0;0.0;0.0;1.0
210.0;10.0;0.0;0.0;0.0;0.0;0.0;0.0
210.0;20.0;0.0;0.0;0.0;0.0;0.0;0.0
210.0;30.0;0.0;0.0;0.0;0.0;0.0;0.0
210.0;40.0;0.0;0.0;0.0;0.0;0.0;0.0
210.0;50.0;0.0;1.0;1.0;0.0;0.0;0.0
210.0;60.0;1.0;0.0;0.0;0.0;0.0;0.0
210.0;70.0;0.0;0.0;1.0;1.0;0.0;0.0
210.0;80.0;0.0;0.0;0.0;0.0;0.0;0.0
210.0;90.0;0.0;1.0;0.0;0.0;0.0;0.0
210.0;100.0;0.0;0.0;0.0;0.0;0.0;0.0
210.0;110.0;1.0;0.0;0.0;0.0;0.0;0.0
210.0;370.0;1.0;0.0;0.0;0.0;0.0;0.0
210.0;380.0;0.0;1.0;0.0;0.0;0.0;0.0
210.0;390.0;0.0;0.0;0.0;0.0;0.0;0.0
210.0;400.0;0.0;0.0;0.0;0.0;1.0;0.0
210.0;410.0;0.0;0.0;0.0;0.0;0.0;0.0
210.0;420.0;0.0;0.0;0.0;0.0;0.0;0.0
210.0;430.0;1.0;0.0;0.0;0.0;0.0;0.0
210.0;440.0;0.0;0.0;1.0;1.0;1.0;1.0
210.0;450.0;0.0;0.0;0.0;0.0;0.0;0.0
210.0;460.0;0.0;0.0;0.0;0.0;0.0;0.0
210.0;470.0;0.0;0.0;0.0;0.0;0.0;0.0
210.0;480.0;0.0;0.0;0.0;0.0;0.0;0.0
210.0;490.0;1.0;0.0;0.0;0.0;0.0;0.0
220.0;0.0;1.0;0.0;0.0;0.0;1.0;0.0
220.0;10.0;0.0;0.0;0.0;0.0;0.0;0.0
220.0;20.0;0.0;0.0;0.0;0.0;0.0;0.0
220.0;30.0;0.0;0.0;1.0;0.0;0.0;0.0
220.0;40.0;0.0;1.0;0.0;0.0;1.0;0.0
220.0;50.0;0.0;0.0;0.0;0.0;0.0;0.0
220.0;60.0;1.0;0.0;0.0;0.0;0.0;0.0
220.0;70.0;0.0;0.0;0.0;0.0;0.0;0.0
220.0;80.0;0.0;0.0;0.0;0.0;0.0;0.0
220.0;90.0;0.0;0.0;0.0;0.0;0.0;0.0
220.0;100.0;0.0;0.0;0.0;0.0;0.0;0.0
220.0;110.0;1.0;0.0;0.0;0.0;0.0;0.0
220.0;370.0;1.0;0.0;0.0;1.0;0.0;0.0
220.0;380.0;0.0;0.0;0.0;0.0;0.0;0.0
220.0;390.0;0.0;0.0;0.0;0.0;0.0;0.0
220.0;400.0;0.0;0.0;1.0;0.0;1.0;1.0
220.0;410.0;0.0;0.0;0.0;0.0;0.0;0.0
220.0;420.0;0.0;0.0;0.0;0.0;0.0;0.0
220.0;430.0;1.0;0.0;0.0;0.0;1.0;0.0
220.0;440.0;0.0;0.0;0.0;0.0;0.0;0.0
220.0;450.0;0.0;0.0;0.0;0.0;0.0;0.0
220.0;460.0;0.0;1.0;1.0;1.0;1.0;1.0
220.0;470.0;0.0;0.0;0.0;0.0;0.0;0.0
220.0;480.0;0.0;0.0;0.0;0.0;0.0;0.0
220.0;490.0;1.0;0.0;0.0;0.0;1.0;0.0
230.0;0.0;1.0;0.0;0.0;0.0;1.0;0.0
230.0;10.0;0.0;0.0;0.0;0.0;1.0;0.0
230.0;20.0;0.0;0.0;0.0;0.0;0.0;0.0
230.0;30.0;0.0;1.0;0.0;0.0;0.0;0.0
230.0;40.0;0.0;0.0;0.0;0.0;0.0;0.0
230.0;50.0;0.0;0.0;0.0;0.0;0.0;0.0
230.0;60.0;1.0;0.0;0.0;0.0;0.0;0.0
230.0;70.0;0.0;0.0;0.0;1.0;0.0;0.0
230.0;80.0;0.0;0.0;0.0;0.0;0.0;0.0
230.0;90.0;0.0;0.0;0.0;0.0;0.0;0.0
230.0;100.0;0.0;0.0;0.0;0.0;0.0;1.0
230.0;110.0;1.0;0.0;1.0;1.0;0.0;0.0
230.0;370.0;1.0;0.0;0.0;0.0;1.0;0.0
230.0;380.0;0.0;0.0;0.0;0.0;0.0;0.0
230.0;390.0;0.0;0.0;0.0;0.0;1.0;0.0
230.0;400.0;0.0;0.0;0.0;0.0;0.0;0.0
230.0;410.0;0.0;0.0;0.0;0.0;0.0;0.0
230.0;420.0;0.0;0.0;0.0;0.0;0.0;0.0
230.0;430.0;1.0;1.0;0.0;0.0;1.0;0.0
230.0;440.0;0.0;0.0;0.0;0.0;0.0;0.0
230.0;450.0;0.0;0.0;0.0;0.0;0.0;0.0
230.0;460.0;0.0;0.0;0.0;0.0;0.0;0.0
230.0;470.0;0.0;1.0;1.0;1.0;1.0;1.0
230.0;480.0;0.0;1.0;0.0;0.0;0.0;1.0
230.0;490.0;1.0;1.0;0.0;0.0;0.0;0.0
240.0;0.0;1.0;0.0;0.0;0.0;0.0;0.0
240.0;10.0;0.0;1.0;1.0;0.0;1.0;1.0
240.0;20.0;0.0;0.0;0.0;0.0;0.0;0.0
240.0;30.0;0.0;0.0;0.0;0.0;0.0;0.0
240.0;40.0;0.0;0.0;0.0;0.0;0.0;0.0
240.0;50.0;0.0;0.0;0.0;0.0;0.0;0.0
240.0;60.0;1.0;0.0;0.0;0.0;0.0;0.0
240.0;70.0;0.0;0.0;1.0;0.0;0.0;0.0
240.0;80.0;0.0;1.0;0.0;0.0;1.0;0.0
240.0;90.0;0.0;0.0;1.0;0.0;0.0;0.0
240.0;100.0;0.0;0.0;0.0;0.0;0.0;0.0
240.0;110.0;1.0;0.0;0.0;0.0;0.0;0.0
240.0;370.0;1.0;0.0;0.0;0.0;0.0;0.0
240.0;380.0;0.0;0.0;0.0;0.0;0.0;0.0
240.0;390.0;0.0;0.0;0.0;0.0;0.0;0.0
240.0;400.0;0.0;0.0;0.0;0.0;0.0;0.0
240.0;410.0;0.0;0.0;0.0;0.0;0.0;0.0
240.0;420.0;0.0;0.0;0.0;0.0;0.0;0.0
240.0;430.0;1.0;0.0;0.0;0.0;1.0;0.0
240.0;440.0;0.0;0.0;0.0;0.0;0.0;0.0
240.0;450.0;0.0;0.0;0.0;1.0;0.0;0.0
240.0;460.0;0.0;1.0;0.0;0.0;0.0;0.0
240.0;470.0;0.0;0.0;1.0;0.0;0.0;0.0
240.0;480.0;0.0;0.0;0.0;0.0;0.0;0.0
240.0;490.0;1.0;0.0;0.0;0.0;0.0;0.0
250.0;0.0;1.0;0.0;1.0;0.0;0.0;0.0
250.0;10.0;0.0;0.0;0.0;0.0;1.0;0.0
250.0;20.0;0.0;0.0;0.0;0.0;0.0;0.0
250.0;30.0;0.0;0.0;0.0;0.0;0.0;0.0
250.0;40.0;0.0;0.0;0.0;0.0;0.0;0.0
250.0;50.0;0.0;0.0;0.0;1.0;0.0;0.0
250.0;60.0;1.0;0.0;0.0;0.0;0.0;0.0
250.0;70.0;0.0;0.0;0.0;0.0;0.0;1.0
250.0;80.0;0.0;0.0;0.0;0.0;0.0;0.0
250.0;90.0;0.0;0.0;0.0;1.0;1.0;0.0
250.0;100.0;0.0;0.0;0.0;0.0;0.0;0.0
250.0;110.0;1.0;0.0;0.0;0.0;0.0;0.0
250.0;370.0;1.0;0.0;0.0;0.0;0.0;0.0
250.0;380.0;0.0;0.0;0.0;0.0;0.0;0.0
250.0;390.0;0.0;0.0;0.0;0.0;0.0;0.0
250.0;400.0;0.0;0.0;0.0;0.0;0.0;0.0
250.0;410.0;0.0;0.0;0.0;0.0;0.0;0.0
250.0;420.0;0.0;0.0;0.0;0.0;0.0;0.0
250.0;430.0;1.0;0.0;0.0;0.0;1.0;0.0
250.0;440.0;0.0;0.0;0.0;0.0;0.0;0.0
250.0;450.0;0.0;0.0;0.0;0.0;0.0;0.0
250.0;460.0;0.0;0.0;0.0;0.0;0.0;0.0
250.0;470.0;0.0;0.0;1.0;1.0;0.0;0.0
250.0;480.0;0.0;0.0;1.0;1.0;0.0;0.0
250.0;490.0;1.0;0.0;0.0;0.0;0.0;1.0
260.0;0.0;1.0;0.0;0.0;0.0;0.0;0.0
260.0;10.0;0.0;0.0;1.0;0.0;0.0;0.0
260.0;20.0;0.0;0.0;0.0;0.0;0.0;0.0
260.0;30.0;0.0;0.0;0.0;0.0;1.0;0.0
260.0;40.0;0.0;0.0;0.0;0.0;0.0;0.0
260.0;50.0;0.0;0.0;0.0;0.0;0.0;0.0
260.0;60.0;1.0;0.0;0.0;0.0;0.0;0.0
260.0;70.0;0.0;0.0;0.0;1.0;0.0;1.0
260.0;80.0;0.0;1.0;1.0;1.0;1.0;1.0
260.0;90.0;0.0;0.0;0.0;0.0;0.0;0.0
260.0;100.0;0.0;0.0;1.0;0.0;1.0;0.0
260.0;110.0;1.0;0.0;0.0;1.0;0.0;0.0
260.0;370.0;1.0;0.0;0.0;0.0;0.0;0.0
260.0;380.0;0.0;0.0;0.0;0.0;0.0;0.0
260.0;390.0;0.0;0.0;0.0;1.0;0.0;0.0
260.0;400.0;0.0;0.0;0.0;0.0;0.0;0.0
260.0;410.0;0.0;0.0;0.0;0.0;1.0;0.0
260.0;420.0;0.0;0.0;0.0;0.0;0.0;0.0
260.0;430.0;1.0;0.0;0.0;0.0;0.0;0.0
260.0;440.0;0.0;0.0;0.0;0.0;1.0;0.0
260.0;450.0;0.0;1.0;1.0;0.0;1.0;1.0
260.0;460.0;0.0;0.0;0.0;0.0;0.0;0.0
260.0;470.0;0.0;1.0;0.0;0.0;0.0;0.0
260.0;480.0;0.0;0.0;0.0;0.0;0.0;0.0
260.0;490.0;1.0;0.0;0.0;0.0;0.0;0.0
270.0;0.0;1.0;1.0;1.0;0.0;0.0;1.0
270.0;10.0;0.0;0.0;0.0;0.0;0.0;0.0
270.0;20.0;0.0;0.0;0.0;0.0;0.0;0.0
270.0;30.0;0.0;0.0;0.0;1.0;0.0;0.0
270.0;40.0;0.0;0.0;0.0;0.0;0.0;0.0
270.0;50.0;0.0;0.0;0.0;0.0;0.0;0.0
270.0;60.0;1.0;0.0;0.0;0.0;0.0;0.0
270.0;70.0;0.0;1.0;0.0;0.0;0.0;0.0
270.0;80.0;0.0;1.0;1.0;1.0;1.0;1.0
270.0;90.0;0.0;0.0;1.0;1.0;0.0;0.0
270.0;100.0;0.0;0.0;0.0;0.0;0.0;0.0
270.0;110.0;1.0;0.0;0.0;0.0;0.0;0.0
270.0;370.0;1.0;0.0;0.0;0.0;0.0;0.0
270.0;380.0;0.0;1.0;0.0;0.0;0.0;0.0
270.0;390.0;0.0;0.0;0.0;0.0;1.0;0.0
270.0;400.0;0.0;0.0;0.0;0.0;0.0;0.0
270.0;410.0;0.0;0.0;0.0;1.0;0.0;0.0
270.0;420.0;0.0;0.0;0.0;0.0;0.0;0.0
270.0;430.0;1.0;0.0;0.0;0.0;1.0;0.0
270.0;440.0;0.0;0.0;0.0;0.0;1.0;0.0
270.0;450.0;0.0;0.0;0.0;0.0;0.0;0.0
270.0;460.0;0.0;0.0;0.0;0.0;0.0;0.0
270.0;470.0;0.0;1.0;1.0;1.0;1.0;1.0
270.0;480.0;0.0;0.0;0.0;0.0;0.0;0.0
270.0;490.0;1.0;0.0;0.0;0.0;0.0;0.0
280.0;0.0;1.0;0.0;0.0;0.0;0.0;0.0
280.0;10.0;0.0;0.0;1.0;0.0;0.0;0.0
280.0;20.0;0.0;0.0;0.0;0.0;0.0;0.0
280.0;30.0;0.0;0.0;0.0;0.0;0.0;0.0
280.0;40.0;0.0;0.0;0.0;0.0;1.0;0.0
280.0;50.0;0.0;0.0;0.0;0.0;0.0;0.0
280.0;60.0;1.0;1.0;0.0;0.0;0.0;0.0
280.0;70.0;0.0;0.0;0.0;0.0;0.0;0.0
280.0;80.0;0.0;0.0;0.0;0.0;0.0;0.0
280.0;90.0;0.0;0.0;0.0;0.0;0.0;0.0
280.0;100.0;0.0;0.0;0.0;0.0;0.0;0.0
280.0;110.0;1.0;0.0;0.0;0.0;1.0;0.0
280.0;370.0;1.0;1.0;0.0;0.0;0.0;0.0
280.0;380.0;0.0;0.0;0.0;0.0;0.0;0.0
280.0;390.0;0.0;0.0;0.0;0.0;0.0;0.0
280.0;400.0;0.0;0.0;0.0;0.0;0.0;0.0
280.0;410.0;0.0;1.0;0.0;0.0;0.0;0.0
280.0;420.0;0.0;0.0;0.0;0.0;0.0;0.0
280.0;430.0;1.0;0.0;0.0;0.0;0.0;0.0
280.0;440.0;0.0;0.0;0.0;0.0;0.0;0.0
280.0;450.0;0.0;0.0;0.0;0.0;0.0;0.0
280.0;460.0;0.0;0.0;0.0;0.0;0.0;0.0
280.0;470.0;0.0;0.0;0.0;0.0;0.0;0.0
280.0;480.0;0.0;1.0;0.0;0.0;1.0;0.0
280.0;490.0;1.0;0.0;0.0;0.0;0.0;0.0
290.0;0.0;1.0;1.0;0.0;0.0;0.0;0.0
290.0;10.0;0.0;0.0;0.0;0.0;0.0;0.0
290.0;20.0;0.0;0.0;0.0;1.0;1.0;0.0
290.0;30.0;0.0;1.0;0.0;0.0;0.0;1.0
290.0;40.0;0.0;0.0;0.0;0.0;0.0;0.0
290.0;50.0;0.0;1.0;0.0;0.0;0.0;0.0
290.0;60.0;1.0;0.0;0.0;0.0;0.0;0.0
290.0;70.0;0.0;0.0;0.0;1.0;0.0;0.0
290.0;80.0;0.0;0.0;0.0;0.0;0.0;0.0
290.0;90.0;0.0;1.0;1.0;0.0;0.0;1.0
290.0;100.0;0.0;0.0;0.0;0.0;0.0;0.0
290.0;110.0;1.0;0.0;0.0;0.0;0.0;0.0
290.0;370.0;1.0;0.0;0.0;0.0;0.0;0.0
290.0;380.0;0.0;0.0;1.0;0.0;0.0;0.0
290.0;390.0;0.0;0.0;0.0;0.0;0.0;0.0
290.0;400.0;0.0;0.0;1.0;0.0;0.0;0.0
290.0;410.0;0.0;1.0;0.0;0.0;0.0;0.0
290.0;420.0;0.0;0.0;0.0;0.0;1.0;0.0
290.0;430.0;1.0;0.0;0.0;0.0;0.0;0.0
290.0;440.0;0.0;0.0;1.0;0.0;0.0;0.0
290.0;450.0;0.0;0.0;0.0;0.0;1.0;0.0
290.0;460.0;0.0;0.0;1.0;0.0;0.0;0.0
290.0;470.0;0.0;0.0;0.0;0.0;0.0;0.0
290.0;480.0;0.0;0.0;1.0;0.0;0.0;0.0
290.0;490.0;1.0;0.0;0.0;0.0;0.0;0.0
300.0;0.0;1.0;1.0;0.0;0.0;0.0;0.0
300.0;10.0;0.0;1.0;0.0;0.0;0.0;0.0
300.0;20.0;0.0;0.0;0.0;0.0;0.0;0.0
300.0;30.0;0.0;0.0;0.0;1.0;0.0;0.0
300.0;40.0;0.0;0.0;0.0;0.0;0.0;0.0
300.0;50.0;0.0;1.0;0.0;0.0;0.0;0.0
300.0;60.0;1.0;0.0;0.0;0.0;0.0;0.0
300.0;70.0;0.0;0.0;0.0;0.0;0.0;1.0
300.0;80.0;0.0;0.0;0.0;0.0;0.0;0.0
300.0;90.0;0.0;0.0;0.0;0.0;0.0;0.0
300.0;100.0;0.0;0.0;0.0;0.0;0.0;0.0
300.0;110.0;1.0;0.0;0.0;0.0;0.0;0.0
300.0;370.0;1.0;0.0;0.0;0.0;0.0;0.0
300.0;380.0;0.0;0.0;0.0;0.0;0.0;0.0
300.0;390.0;0.0;0.0;0.0;0.0;0.0;0.0
300.0;400.0;0.0;0.0;1.0;0.0;0.0;0.0
300.0;410.0;0.0;0.0;0.0;0.0;0.0;0.0
300.0;420.0;0.0;1.0;0.0;1.0;0.0;0.0
300.0;430.0;1.0;0.0;1.0;0.0;0.0;0.0
300.0;440.0;0.0;1.0;0.0;0.0;0.0;0.0
300.0;450.0;0.0;0.0;0.0;1.0;0.0;0.0
300.0;460.0;0.0;0.0;0.0;0.0;0.0;0.0
300.0;470.0;0.0;0.0;0.0;0.0;0.0;0.0
300.0;480.0;0.0;0.0;0.0;0.0;0.0;0.0
300.0;490.0;1.0;0.0;0.0;0.0;0.0;0.0
310.0;0.0;1.0;0.0;0.0;1.0;0.0;0.0
310.0;10.0;0.0;1.0;0.0;0.0;0.0;0.0
310.0;20.0;0.0;0.0;0.0;0.0;0.0;1.0
310.0;30.0;0.0;0.0;1.0;0.0;0.0;0.0
310.0;40.0;0.0;0.0;0.0;0.0;0.0;0.0
310.0;50.0;0.0;0.0;0.0;0.0;0.0;0.0
310.0;60.0;1.0;0.0;0.0;0.0;0.0;0.0
310.0;70.0;0.0;0.0;0.0;0.0;0.0;0.0
310.0;80.0;0.0;0.0;0.0;0.0;0.0;0.0
310.0;90.0;0.0;1.0;0.0;0.0;0.0;0.0
310.0;100.0;0.0;0.0;1.0;1.0;0.0;0.0
310.0;110.0;1.0;0.0;0.0;0.0;0.0;1.0
310.0;370.0;1.0;0.0;0.0;0.0;0.0;1.0
310.0;380.0;0.0;0.0;0.0;1.0;0.0;0.0
310.0;390.0;0.0;0.0;0.0;0.0;0.0;0.0
310.0;400.0;0.0;0.0;0.0;0.0;0.0;0.0
310.0;410.0;0.0;0.0;0.0;0.0;0.0;1.0
310.0;420.0;0.0;1.0;0.0;0.0;0.0;0.0
310.0;430.0;1.0;0.0;1.0;0.0;0.0;0.0
310.0;440.0;0.0;1.0;0.0;0.0;0.0;0.0
310.0;450.0;0.0;0.0;0.0;0.0;0.0;0.0
310.0;460.0;0.0;0.0;0.0;0.0;0.0;0.0
310.0;470.0;0.0;0.0;1.0;0.0;0.0;0.0
310.0;480.0;0.0;0.0;0.0;0.0;0.0;0.0
310.0;490.0;1.0;1.0;0.0;0.0;0.0;0.0
320.0;0.0;1.0;0.0;0.0;0.0;1.0;0.0
320.0;10.0;0.0;1.0;1.0;1.0;0.0;1.0
320.0;20.0;0.0;0.0;0.0;0.0;0.0;0.0
320.0;30.0;0.0;0.0;0.0;0.0;0.0;0.0
320.0;40.0;0.0;0.0;0.0;0.0;1.0;0.0
320.0;50.0;0.0;0.0;0.0;0.0;0.0;0.0
320.0;60.0;1.0;0.0;0.0;0.0;0.0;0.0
320.0;70.0;0.0;0.0;0.0;0.0;0.0;0.0
320.0;80.0;0.0;0.0;0.0;0.0;0.0;0.0
320.0;90.0;0.0;0.0;0.0;0.0;0.0;0.0
320.0;100.0;0.0;0.0;0.0;0.0;0.0;0.0
320.0;110.0;1.0;0.0;0.0;0.0;0.0;0.0
320.0;370.0;1.0;0.0;0.0;0.0;0.0;0.0
320.0;380.0;0.0;0.0;1.0;0.0;0.0;0.0
320.0;390.0;0.0;0.0;0.0;0.0;0.0;0.0
320.0;400.0;0.0;0.0;0.0;0.0;0.0;0.0
320.0;410.0;0.0;0.0;0.0;1.0;0.0;0.0
320.0;420.0;0.0;0.0;0.0;0.0;0.0;0.0
320.0;430.0;1.0;0.0;0.0;0.0;0.0;0.0
320.0;440.0;0.0;0.0;0.0;0.0;0.0;0.0
320.0;450.0;0.0;0.0;0.0;1.0;0.0;0.0
320.0;460.0;0.0;0.0;0.0;1.0;0.0;0.0
320.0;470.0;0.0;0.0;1.0;0.0;0.0;0.0
320.0;480.0;0.0;0.0;0.0;0.0;0.0;0.0
320.0;490.0;1.0;1.0;0.0;0.0;1.0;0.0
330.0;0.0;1.0;0.0;0.0;0.0;0.0;0.0
330.0;10.0;0.0;0.0;0.0;0.0;0.0;0.0
330.0;20.0;0.0;0.0;0.0;0.0;0.0;0.0
330.0;30.0;0.0;0.0;0.0;0.0;0.0;0.0
330.0;40.0;0.0;0.0;0.0;0.0;0.0;0.0
330.0;50.0;0.0;0.0;0.0;0.0;0.0;1.0
330.0;60.0;1.0;0.0;0.0;0.0;0.0;0.0
330.0;70.0;0.0;0.0;0.0;0.0;0.0;0.0
330.0;80.0;0.0;1.0;0.0;0.0;1.0;0.0
330.0;90.0;0.0;1.0;1.0;1.0;1.0;0.0
330.0;100.0;0.0;1.0;1.0;0.0;0.0;1.0
330.0;110.0;1.0;0.0;0.0;0.0;1.0;0.0
330.0;370.0;1.0;0.0;0.0;0.0;0.0;1.0
330.0;380.0;0.0;0.0;0.0;0.0;0.0;0.0
330.0;390.0;0.0;0.0;0.0;0.0;0.0;1.0
330.0;400.0;0.0;0.0;1.0;0.0;0.0;0.0
330.0;410.0;0.0;0.0;0.0;1.0;0.0;0.0
330.0;420.0;0.0;0.0;0.0;0.0;0.0;0.0
330.0;430.0;1.0;0.0;0.0;0.0;0.0;0.0
330.0;440.0;0.0;0.0;0.0;0.0;0.0;0.0
330.0;450.0;0.0;0.0;0.0;0.0;0.0;0.0
330.0;460.0;0.0;0.0;0.0;0.0;0.0;0.0
330.0;470.0;0.0;0.0;0.0;0.0;0.0;0.0
330.0;480.0;0.0;0.0;0.0;0.0;0.0;0.0
330.0;490.0;1.0;0.0;0.0;0.0;0.0;0.0
340.0;0.0;1.0;0.0;0.0;0.0;0.0;0.0
340.0;10.0;0.0;1.0;0.0;1.0;0.0;0.0
340.0;20.0;0.0;0.0;0.0;0.0;0.0;0.0
340.0;30.0;0.0;0.0;0.0;0.0;0.0;0.0
340.0;40.0;0.0;0.0;0.0;0.0;0.0;0.0
340.0;50.0;0.0;0.0;0.0;0.0;0.0;0.0
340.0;60.0;1.0;0.0;0.0;0.0;0.0;0.0
340.0;70.0;0.0;0.0;0.0;0.0;0.0;0.0
340.0;80.0;0.0;1.0;0.0;0.0;0.0;0.0
340.0;90.0;0.0;0.0;0.0;0.0;0.0;0.0
340.0;100.0;0.0;0.0;0.0;0.0;0.0;0.0
340.0;110.0;1.0;0.0;0.0;0.0;0.0;0.0
340.0;370.0;1.0;0.0;0.0;0.0;0.0;0.0
340.0;380.0;0.0;0.0;0.0;0.0;0.0;0.0
340.0;390.0;0.0;0.0;0.0;0.0;1.0;1.0
340.0;400.0;0.0;0.0;0.0;0.0;0.0;0.0
340.0;410.0;0.0;0.0;0.0;0.0;0.0;0.0
340.0;420.0;0.0;0.0;0.0;0.0;0.0;0.0
340.0;430.0;1.0;0.0;0.0;0.0;0.0;0.0
340.0;440.0;0.0;0.0;0.0;0.0;0.0;0.0
340.0;450.0;0.0;0.0;0.0;0.0;0.0;0.0
340.0;460.0;0.0;0.0;0.0;0.0;0.0;0.0
340.0;470.0;0.0;1.0;0.0;0.0;0.0;0.0
340.0;480.0;0.0;0.0;0.0;0.0;1.0;0.0
340.0;490.0;1.0;0.0;0.0;0.0;0.0;0.0
350.0;0.0;1.0;0.0;0.0;0.0;0.0;0.0
350.0;10.0;0.0;0.0;0.0;0.0;0.0;0.0
350.0;20.0;0.0;0.0;0.0;0.0;0.0;0.0
350.0;30.0;0.0;0.0;0.0;0.0;0.0;0.0
350.0;40.0;0.0;0.0;0.0;0.0;0.0;0.0
350.0;50.0;0.0;0.0;0.0;0.0;0.0;0.0
350.0;60.0;1.0;1.0;0.0;0.0;0.0;0.0
350.0;70.0;0.0;0.0;0.0;0.0;0.0;0.0
350.0;80.0;0.0;0.0;0.0;0.0;0.0;0.0
350.0;90.0;0.0;0.0;0.0;0.0;0.0;0.0
350.0;100.0;0.0;0.0;0.0;0.0;0.0;0.0
350.0;110.0;1.0;0.0;0.0;0.0;1.0;1.0
350.0;370.0;1.0;0.0;0.0;0.0;0.0;0.0
350.0;380.0;0.0;0.0;1.0;1.0;1.0;1.0
350.0;390.0;0.0;0.0;0.0;0.0;0.0;0.0
350.0;400.0;0.0;0.0;0.0;0.0;0.0;0.0
350.0;410.0;0.0;1.0;0.0;0.0;0.0;0.0
350.0;420.0;0.0;0.0;0.0;0.0;0.0;0.0
350.0;430.0;1.0;1.0;0.0;0.0;0.0;1.0
350.0;440.0;0.0;0.0;0.0;0.0;0.0;0.0
350.0;450.0;0.0;0.0;0.0;0.0;1.0;0.0
350.0;460.0;0.0;1.0;0.0;0.0;0.0;0.0
350.0;470.0;0.0;0.0;0.0;0.0;0.0;0.0
350.0;480.0;0.0;0.0;0.0;0.0;0.0;0.0
350.0;490.0;1.0;0.0;0.0;0.0;0.0;1.0
360.0;0.0;1.0;0.0;0.0;0.0;0.0;0.0
360.0;10.0;0.0;0.0;1.0;0.0;0.0;0.0
360.0;20.0;0.0;0.0;0.0;0.0;0.0;0.0
360.0;30.0;0.0;0.0;0.0;0.0;0.0;0.0
360.0;40.0;0.0;0.0;0.0;0.0;0.0;0.0
360.0;50.0;0.0;0.0;0.0;0.0;0.0;1.0
360.0;60.0;1.0;0.0;1.0;1.0;0.0;0.0
360.0;70.0;0.0;0.0;0.0;1.0;1.0;0.0
360.0;80.0;0.0;0.0;0.0;0.0;1.0;0.0
360.0;90.0;0.0;0.0;0.0;0.0;0.0;0.0
360.0;100.0;0.0;0.0;0.0;0.0;0.0;0.0
360.0;110.0;1.0;0.0;0.0;0.0;0.0;0.0
360.0;370.0;1.0;1.0;0.0;0.0;0.0;0.0
360.0;380.0;0.0;0.0;0.0;0.0;0.0;0.0
360.0;390.0;0.0;0.0;0.0;0.0;0.0;0.0
360.0;400.0;0.0;0.0;0.0;0.0;0.0;0.0
360.0;410.0;0.0;0.0;0.0;0.0;0.0;0.0
360.0;420.0;0.0;0.0;0.0;0.0;0.0;0.0
360.0;430.0;1.0;0.0;1.0;0.0;0.0;0.0
360.0;440.0;0.0;0.0;0.0;0.0;0.0;0.0
360.0;450.0;0.0;0.0;0.0;0.0;0.0;0.0
360.0;460.0;0.0;0.0;1.0;0.0;0.0;0.0
360.0;470.0;0.0;0.0;0.0;0.0;0.0;1.0
360.0;480.0;0.0;0.0;1.0;1.0;0.0;0.0
360.0;490.0;1.0;0.0;0.0;0.0;0.0;0.0
370.0;0.0;1.0;0.0;0.0;0.0;0.0;0.0
370.0;10.0;1.0;0.0;0.0;0.0;0.0;0.0
370.0;20.0;1.0;0.0;0.0;0.0;0.0;0.0
370.0;30.0;1.0;1.0;0.0;0.0;0.0;0.0
370.0;40.0;1.0;1.0;0.0;0.0;0.0;0.0
370.0;50.0;1.0;0.0;0.0;0.0;0.0;0.0
370.0;60.0;1.0;0.0;1.0;0.0;0.0;0.0
370.0;70.0;1.0;0.0;0.0;0.0;0.0;1.0
370.0;80.0;1.0;1.0;0.0;1.0;0.0;0.0
370.0;90.0;1.0;0.0;0.0;0.0;0.0;0.0
370.0;100.0;1.0;0.0;0.0;0.0;0.0;0.0
370.0;110.0;1.0;0.0;0.0;0.0;0.0;0.0
370.0;120.0;1.0;0.0;0.0;0.0;1.0;0.0
370.0;130.0;1.0;0.0;0.0;0.0;0.0;0.0
370.0;140.0;1.0;0.0;0.0;0.0;0.0;0.0
370.0;150.0;1.0;0.0;0.0;0.0;0.0;0.0
370.0;160.0;1.0;0.0;0.0;0.0;1.0;0.0
370.0;170.0;1.0;1.0;1.0;1.0;1.0;1.0
370.0;180.0;1.0;0.0;0.0;0.0;0.0;0.0
370.0;190.0;1.0;0.0;0.0;0.0;0.0;0.0
370.0;200.0;1.0;0.0;0.0;0.0;0.0;0.0
370.0;210.0;1.0;0.0;0.0;0.0;0.0;0.0
370.0;220.0;1.0;0.0;0.0;0.0;1.0;0.0
370.0;230.0;1.0;0.0;0.0;0.0;1.0;0.0
370.0;240.0;1.0;0.0;0.0;0.0;0.0;0.0
370.0;250.0;1.0;0.0;0.0;0.0;0.0;0.0
370.0;260.0;1.0;0.0;0.0;0.0;0.0;0.0
370.0;270.0;1.0;0.0;0.0;1.0;0.0;0.0
370.0;280.0;1.0;0.0;0.0;0.0;0.0;0.0
370.0;290.0;1.0;1.0;0.0;0.0;0.0;0.0
370.0;300.0;1.0;0.0;0.0;0.0;0.0;0.0
370.0;310.0;1.0;0.0;0.0;0.0;0.0;0.0
370.0;320.0;1.0;0.0;0.0;1.0;1.0;0.0
370.0;330.0;1.0;1.0;1.0;0.0;1.0;0.0
370.0;340.0;1.0;0.0;0.0;0.0;0.0;0.0
370.0;350.0;1.0;0.0;0.0;0.0;0.0;1.0
370.0;360.0;1.0;0.0;0.0;0.0;0.0;0.0
370.0;370.0;1.0;0.0;0.0;0.0;0.0;0.0
370.0;380.0;1.0;0.0;0.0;0.0;0.0;0.0
370.0;390.0;1.0;1.0;1.0;1.0;1.0;1.0
370.0;400.0;1.0;0.0;0.0;0.0;0.0;1.0
370.0;410.0;1.0;0.0;0.0;0.0;0.0;0.0
370.0;420.0;1.0;0.0;0.0;0.0;1.0;0.0
370.0;430.0;1.0;1.0;0.0;0.0;1.0;0.0
370.0;440.0;1.0;0.0;1.0;1.0;0.0;0.0
370.0;450.0;1.0;0.0;0.0;0.0;0.0;0.0
370.0;460.0;1.0;0.0;1.0;1.0;1.0;1.0
370.0;470.0;1.0;1.0;0.0;1.0;1.0;0.0
370.0;480.0;1.0;0.0;0.0;0.0;0.0;0.0
370.0;490.0;1.0;0.0;0.0;0.0;0.0;0.0
380.0;0.0;1.0;0.0;0.0;0.0;0.0;0.0
380.0;10.0;0.0;0.0;0.0;0.0;0.0;0.0
380.0;20.0;0.0;0.0;0.0;0.0;0.0;0.0
380.0;30.0;0.0;1.0;1.0;1.0;0.0;0.0
380.0;40.0;0.0;0.0;0.0;0.0;0.0;0.0
380.0;50.0;0.0;0.0;0.0;0.0;0.0;0.0
380.0;60.0;1.0;0.0;0.0;1.0;0.0;0.0
380.0;70.0;0.0;0.0;0.0;0.0;0.0;1.0
380.0;80.0;0.0;0.0;0.0;0.0;0.0;0.0
380.0;90.0;0.0;0.0;0.0;0.0;0.0;0.0
380.0;100.0;0.0;0.0;0.0;0.0;0.0;0.0
380.0;110.0;1.0;0.0;0.0;0.0;0.0;0.0
380.0;120.0;0.0;0.0;0.0;1.0;0.0;0.0
380.0;130.0;0.0;1.0;0.0;0.0;1.0;0.0
380.0;140.0;0.0;1.0;1.0;0.0;1.0;0.0
380.0;150.0;0.0;1.0;0.0;0.0;0.0;0.0
380.0;160.0;0.0;1.0;0.0;1.0;0.0;0.0
380.0;170.0;0.0;0.0;1.0;0.0;0.0;0.0
380.0;180.0;0.0;0.0;0.0;0.0;0.0;0.0
380.0;190.0;0.0;0.0;0.0;0.0;0.0;0.0
380.0;200.0;0.0;0.0;0.0;0.0;0.0;0.0
380.0;210.0;0.0;1.0;0.0;1.0;0.0;0.0
380.0;220.0;0.0;0.0;0.0;0.0;0.0;1.0
380.0;230.0;0.0;0.0;0.0;0.0;0.0;0.0
380.0;240.0;0.0;0.0;0.0;0.0;0.0;0.0
380.0;250.0;0.0;0.0;0.0;0.0;0.0;0.0
380.0;260.0;0.0;1.0;0.0;0.0;0.0;0.0
380.0;270.0;0.0;0.0;0.0;0.0;0.0;0.0
380.0;280.0;0.0;0.0;0.0;0.0;0.0;0.0
380.0;290.0;0.0;0.0;0.0;1.0;0.0;0.0
380.0;300.0;0.0;0.0;0.0;1.0;0.0;0.0
380.0;310.0;0.0;0.0;0.0;0.0;0.0;0.0
380.0;320.0;0.0;0.0;0.0;0.0;0.0;0.0
380.0;330.0;0.0;0.0;0.0;0.0;0.0;0.0
380.0;340.0;0.0;0.0;0.0;0.0;0.0;0.0
380.0;350.0;0.0;1.0;0.0;0.0;1.0;0.0
380.0;360.0;0.0;0.0;0.0;0.0;0.0;0.0
380.0;370.0;1.0;0.0;1.0;0.0;0.0;1.0
380.0;380.0;0.0;1.0;1.0;1.0;1.0;0.0
380.0;390.0;0.0;0.0;0.0;0.0;0.0;0.0
380.0;400.0;0.0;0.0;0.0;0.0;0.0;0.0
380.0;410.0;0.0;0.0;0.0;0.0;0.0;1.0
380.0;420.0;0.0;0.0;0.0;0.0;0.0;0.0
380.0;430.0;1.0;0.0;1.0;0.0;1.0;0.0
380.0;440.0;0.0;0.0;0.0;0.0;0.0;0.0
380.0;450.0;0.0;0.0;0.0;0.0;0.0;0.0
380.0;460.0;0.0;0.0;0.0;0.0;0.0;1.0
380.0;470.0;0.0;0.0;0.0;0.0;0.0;0.0
380.0;480.0;0.0;0.0;0.0;0.0;0.0;0.0
380.0;490.0;1.0;0.0;0.0;0.0;0.0;0.0
390.0;0.0;1.0;0.0;0.0;1.0;0.0;1.0
390.0;10.0;0.0;0.0;0.0;0.0;0.0;0.0
390.0;20.0;0.0;0.0;0.0;0.0;0.0;0.0
390.0;30.0;0.0;0.0;1.0;0.0;0.0;0.0
390.0;40.0;0.0;1.0;0.0;0.0;0.0;0.0
390.0;50.0;0.0;0.0;0.0;0.0;0.0;0.0
390.0;60.0;1.0;0.0;0.0;0.0;0.0;0.0
390.0;70.0;0.0;0.0;0.0;0.0;0.0;0.0
390.0;80.0;0.0;0.0;0.0;0.0;0.0;1.0
390.0;90.0;0.0;0.0;0.0;0.0;0.0;0.0
390.0;100.0;0.0;1.0;0.0;0.0;0.0;1.0
390.0;110.0;1.0;0.0;0.0;0.0;0.0;0.0
390.0;120.0;0.0;1.0;0.0;0.0;0.0;0.0
390.0;130.0;0.0;0.0;0.0;0.0;0.0;0.0
390.0;140.0;0.0;0.0;0.0;0.0;0.0;0.0
390.0;150.0;0.0;0.0;1.0;0.0;0.0;0.0
390.0;160.0;0.0;0.0;0.0;0.0;0.0;0.0
390.0;170.0;0.0;0.0;0.0;0.0;0.0;0.0
390.0;180.0;0.0;1.0;1.0;1.0;1.0;1.0
390.0;190.0;0.0;0.0;0.0;0.0;0.0;0.0
390.0;200.0;0.0;0.0;0.0;0.0;0.0;0.0
390.0;210.0;0.0;0.0;0.0;0.0;0.0;0.0
390.0;220.0;0.0;1.0;0.0;1.0;1.0;1.0
390.0;230.0;0.0;0.0;0.0;1.0;0.0;0.0
390.0;240.0;0.0;0.0;0.0;0.0;0.0;0.0
390.0;250.0;0.0;0.0;0.0;0.0;0.0;0.0
390.0;260.0;0.0;0.0;0.0;0.0;0.0;0.0
390.0;270.0;0.0;0.0;0.0;0.0;0.0;0.0
390.0;280.0;0.0;0.0;0.0;0.0;0.0;0.0
390.0;290.0;0.0;0.0;1.0;0.0;0.0;0.0
390.0;300.0;0.0;0.0;0.0;0.0;0.0;0.0
390.0;310.0;0.0;0.0;0.0;0.0;0.0;0.0
390.0;320.0;0.0;0.0;0.0;0.0;0.0;0.0
390.0;330.0;0.0;0.0;0.0;0.0;0.0;1.0
390.0;340.0;0.0;0.0;0.0;0.0;0.0;0.0
390.0;350.0;0.0;0.0;0.0;0.0;0.0;0.0
390.0;360.0;0.0;0.0;0.0;0.0;1.0;0.0
390.0;370.0;1.0;0.0;0.0;0.0;0.0;0.0
390.0;380.0;0.0;1.0;0.0;0.0;0.0;0.0
390.0;390.0;0.0;0.0;0.0;0.0;0.0;0.0
390.0;400.0;0.0;0.0;0.0;0.0;0.0;0.0
390.0;410.0;0.0;0.0;0.0;0.0;0.0;0.0
390.0;420.0;0.0;1.0;0.0;0.0;0.0;0.0
390.0;430.0;1.0;0.0;0.0;0.0;0.0;0.0
390.0;440.0;0.0;0.0;0.0;0.0;0.0;0.0
390.0;450.0;0.0;0.0;0.0;0.0;0.0;0.0
390.0;460.0;0.0;0.0;0.0;0.0;0.0;0.0
390.0;470.0;0.0;0.0;0.0;0.0;0.0;0.0
390.0;480.0;0.0;0.0;0.0;0.0;0.0;0.0
390.0;490.0;1.0;0.0;0.0;0.0;0.0;1.0
400.0;0.0;1.0;0.0;0.0;1.0;0.0;0.0
400.0;10.0;0.0;0.0;0.0;0.0;0.0;0.0
400.0;20.0;0.0;0.0;0.0;1.0;0.0;0.0
400.0;30.0;0.0;0.0;1.0;0.0;0.0;0.0
400.0;40.0;0.0;0.0;0.0;0.0;0.0;0.0
400.0;50.0;0.0;0.0;0.0;0.0;0.0;0.0
400.0;60.0;1.0;0.0;0.0;0.0;0.0;0.0
400.0;70.0;0.0;0.0;1.0;1.0;0.0;0.0
400.0;80.0;0.0;0.0;0.0;0.0;0.0;0.0
400.0;90.0;0.0;0.0;0.0;0.0;0.0;0.0
400.0;100.0;0.0;0.0;0.0;0.0;0.0;0.0
400.0;110.0;1.0;0.0;1.0;0.0;1.0;1.0
400.0;120.0;0.0;0.0;0.0;0.0;0.0;0.0
400.0;130.0;0.0;0.0;0.0;0.0;0.0;0.0
400.0;140.0;0.0;0.0;0.0;0.0;0.0;0.0
400.0;150.0;0.0;0.0;0.0;0.0;0.0;1.0
400.0;160.0;0.0;0.0;0.0;0.0;0.0;0.0
400.0;170.0;0.0;1.0;1.0;0.0;1.0;1.0
400.0;180.0;0.0;0.0;0.0;0.0;0.0;0.0
400.0;190.0;0.0;1.0;0.0;0.0;0.0;0.0
400.0;200.0;0.0;0.0;0.0;0.0;0.0;0.0
400.0;210.0;0.0;0.0;0.0;0.0;0.0;0.0
400.0;220.0;0.0;0.0;0.0;0.0;0.0;0.0
400.0;230.0;0.0;0.0;0.0;0.0;0.0;0.0
400.0;240.0;0.0;0.0;0.0;0.0;0.0;0.0
400.0;250.0;0.0;0.0;0.0;0.0;1.0;0.0
400.0;260.0;0.0;1.0;1.0;1.0;1.0;1.0
400.0;270.0;0.0;0.0;0.0;0.0;0.0;0.0
400.0;280.0;0.0;0.0;0.0;0.0;0.0;0.0
400.0;290.0;0.0;0.0;0.0;0.0;0.0;0.0
400.0;300.0;0.0;0.0;0.0;0.0;0.0;0.0
400.0;310.0;0.0;0.0;0.0;0.0;0.0;0.0
400.0;320.0;0.0;0.0;1.0;0.0;0.0;0.0
400.0;330.0;0.0;1.0;1.0;0.0;1.0;1.0
400.0;340.0;0.0;0.0;0.0;0.0;0.0;0.0
400.0;350.0;0.0;0.0;1.0;0.0;0.0;1.0
400.0;360.0;0.0;0.0;0.0;0.0;1.0;0.0
400.0;370.0;1.0;0.0;0.0;0.0;0.0;1.0
400.0;380.0;0.0;0.0;0.0;0.0;0.0;0.0
400.0;390.0;0.0;0.0;0.0;0.0;0.0;0.0
400.0;400.0;0.0;1.0;0.0;0.0;0.0;0.0
400.0;410.0;0.0;0.0;0.0;0.0;0.0;0.0
400.0;420.0;0.0;0.0;0.0;0.0;0.0;0.0
400.0;430.0;1.0;0.0;0.0;0.0;0.0;0.0
400.0;440.0;0.0;0.0;0.0;0.0;0.0;0.0
400.0;450.0;0.0;0.0;0.0;0.0;0.0;0.0
400.0;460.0;0.0;0.0;0.0;0.0;0.0;1.0
400.0;470.0;0.0;0.0;0.0;0.0;0.0;0.0
400.0;480.0;0.0;1.0;0.0;0.0;0.0;0.0
400.0;490.0;1.0;0.0;0.0;0.0;0.0;0.0
410.0;0.0;1.0;1.0;0.0;0.0;0.0;0.0
410.0;10.0;0.0;0.0;1.0;0.0;0.0;0.0
410.0;20.0;0.0;1.0;0.0;0.0;0.0;0.0
410.0;30.0;0.0;0.0;1.0;0.0;0.0;0.0
410.0;40.0;0.0;0.0;0.0;0.0;0.0;0.0
410.0;50.0;0.0;0.0;0.0;0.0;0.0;0.0
410.0;60.0;1.0;0.0;0.0;1.0;0.0;0.0
410.0;70.0;0.0;0.0;0.0;0.0;0.0;0.0
410.0;80.0;0.0;0.0;0.0;0.0;0.0;0.0
410.0;90.0;0.0;0.0;0.0;0.0;1.0;0.0
410.0;100.0;0.0;1.0;0.0;0.0;0.0;0.0
410.0;110.0;1.0;0.0;0.0;0.0;0.0;0.0
410.0;120.0;0.0;0.0;0.0;0.0;0.0;0.0
410.0;130.0;0.0;0.0;0.0;0.0;0.0;0.0
410.0;140.0;0.0;0.0;0.0;0.0;0.0;0.0
410.0;150.0;0.0;0.0;0.0;0.0;0.0;0.0
410.0;160.0;0.0;1.0;1.0;1.0;1.0;1.0
410.0;170.0;0.0;0.0;0.0;0.0;0.0;0.0
410.0;180.0;0.0;0.0;0.0;0.0;0.0;0.0
410.0;190.0;0.0;1.0;0.0;0.0;0.0;0.0
410.0;200.0;0.0;0.0;1.0;0.0;0.0;0.0
410.0;210.0;0.0;0.0;0.0;0.0;0.0;0.0
410.0;220.0;0.0;0.0;0.0;0.0;0.0;0.0
410.0;230.0;0.0;0.0;0.0;0.0;0.0;0.0
410.0;240.0;0.0;0.0;0.0;0.0;0.0;0.0
410.0;250.0;0.0;1.0;0.0;1.0;1.0;1.0
410.0;260.0;0.0;0.0;0.0;0.0;1.0;0.0
410.0;270.0;0.0;0.0;0.0;0.0;1.0;0.0
410.0;280.0;0.0;0.0;0.0;0.0;0.0;0.0
410.0;290.0;0.0;0.0;0.0;0.0;0.0;0.0
410.0;300.0;0.0;0.0;0.0;0.0;1.0;0.0
410.0;310.0;0.0;0.0;0.0;0.0;0.0;0.0
410.0;320.0;0.0;1.0;0.0;0.0;0.0;0.0
410.0;330.0;0.0;1.0;1.0;1.0;1.0;1.0
410.0;340.0;0.0;0.0;1.0;0.0;0.0;0.0
410.0;350.0;0.0;0.0;0.0;0.0;0.0;0.0
410.0;360.0;0.0;0.0;0.0;0.0;0.0;0.0
410.0;370.0;1.0;1.0;0.0;0.0;0.0;0.0
410.0;380.0;0.0;0.0;0.0;1.0;0.0;1.0
410.0;390.0;0.0;0.0;0.0;1.0;0.0;0.0
410.0;400.0;0.0;1.0;0.0;0.0;0.0;0.0
410.0;410.0;0.0;0.0;0.0;0.0;0.0;0.0
410.0;420.0;0.0;0.0;0.0;0.0;0.0;0.0
410.0;430.0;1.0;0.0;0.0;0.0;0.0;0.0
410.0;440.0;0.0;0.0;0.0;0.0;0.0;0.0
410.0;450.0;0.0;0.0;1.0;1.0;0.0;0.0
410.0;460.0;0.0;0.0;0.0;0.0;0.0;0.0
410.0;470.0;0.0;0.0;0.0;0.0;0.0;0.0
410.0;480.0;0.0;0.0;0.0;0.0;1.0;0.0
410.0;490.0;1.0;0.0;0.0;0.0;0.0;0.0
420.0;0.0;1.0;0.0;1.0;0.0;0.0;0.0
420.0;10.0;0.0;0.0;0.0;0.0;0.0;0.0
420.0;20.0;0.0;0.0;0.0;0.0;0.0;0.0
420.0;30.0;0.0;0.0;0.0;0.0;0.0;0.0
420.0;40.0;0.0;0.0;0.0;0.0;0.0;0.0
420.0;50.0;0.0;0.0;0.0;0.0;0.0;0.0
420.0;60.0;1.0;0.0;0.0;0.0;1.0;0.0
420.0;70.0;0.0;0.0;0.0;0.0;0.0;0.0
420.0;80.0;0.0;0.0;0.0;0.0;0.0;0.0
420.0;90.0;0.0;0.0;0.0;0.0;0.0;0.0
420.0;100.0;0.0;0.0;0.0;0.0;0.0;0.0
420.0;110.0;1.0;0.0;0.0;0.0;0.0;0.0
420.0;120.0;0.0;0.0;0.0;0.0;0.0;0.0
420.0;130.0;0.0;0.0;0.0;0.0;0.0;0.0
420.0;140.0;0.0;0.0;1.0;0.0;0.0;0.0
420.0;150.0;0.0;0.0;0.0;0.0;0.0;0.0
420.0;160.0;0.0;0.0;0.0;0.0;0.0;0.0
420.0;170.0;0.0;0.0;0.0;0.0;1.0;1.0
420.0;180.0;0.0;0.0;0.0;0.0;0.0;0.0
420.0;190.0;0.0;0.0;0.0;0.0;0.0;0.0
420.0;200.0;0.0;0.0;0.0;0.0;0.0;0.0
420.0;210.0;0.0;0.0;0.0;0.0;0.0;1.0
420.0;220.0;0.0;0.0;1.0;1.0;0.0;0.0
420.0;230.0;0.0;1.0;0.0;1.0;0.0;0.0
420.0;240.0;0.0;0.0;0.0;0.0;0.0;0.0
420.0;250.0;0.0;0.0;0.0;0.0;0.0;0.0
420.0;260.0;0.0;0.0;0.0;1.0;0.0;1.0
420.0;270.0;0.0;0.0;0.0;0.0;0.0;1.0
420.0;280.0;0.0;0.0;0.0;0.0;0.0;0.0
420.0;290.0;0.0;1.0;0.0;0.0;0.0;0.0
420.0;300.0;0.0;0.0;0.0;0.0;0.0;0.0
420.0;310.0;0.0;0.0;0.0;0.0;0.0;0.0
420.0;320.0;0.0;0.0;0.0;0.0;0.0;0.0
420.0;330.0;0.0;0.0;0.0;0.0;0.0;0.0
420.0;340.0;0.0;1.0;0.0;0.0;0.0;0.0
420.0;350.0;0.0;0.0;0.0;0.0;0.0;0.0
420.0;360.0;0.0;0.0;0.0;0.0;0.0;0.0
420.0;370.0;1.0;0.0;0.0;0.0;0.0;0.0
420.0;380.0;0.0;0.0;0.0;0.0;0.0;0.0
420.0;390.0;0.0;0.0;0.0;0.0;0.0;0.0
420.0;400.0;0.0;0.0;0.0;0.0;0.0;0.0
420.0;410.0;0.0;0.0;0.0;0.0;0.0;0.0
420.0;420.0;0.0;0.0;0.0;0.0;0.0;0.0
420.0;430.0;1.0;0.0;1.0;0.0;0.0;0.0
420.0;440.0;0.0;0.0;1.0;0.0;0.0;0.0
420.0;450.0;0.0;0.0;0.0;0.0;0.0;0.0
420.0;460.0;0.0;1.0;0.0;1.0;0.0;0.0
420.0;470.0;0.0;0.0;0.0;0.0;0.0;1.0
420.0;480.0;0.0;0.0;0.0;0.0;1.0;0.0
420.0;490.0;1.0;1.0;0.0;1.0;0.0;0.0
430.0;0.0;1.0;0.0;0.0;0.0;0.0;0.0
430.0;10.0;1.0;0.0;0.0;0.0;1.0;0.0
430.0;20.0;1.0;0.0;0.0;0.0;0.0;0.0
430.0;30.0;1.0;0.0;0.0;0.0;0.0;0.0
430.0;40.0;1.0;0.0;0.0;0.0;0.0;0.0
430.0;50.0;1.0;0.0;0.0;0.0;0.0;0.0
430.0;60.0;1.0;0.0;0.0;0.0;1.0;0.0
430.0;70.0;1.0;0.0;0.0;0.0;0.0;0.0
430.0;80.0;1.0;0.0;0.0;0.0;0.0;0.0
430.0;90.0;1.0;0.0;0.0;0.0;1.0;1.0
430.0;100.0;1.0;0.0;0.0;0.0;0.0;0.0
430.0;110.0;1.0;0.0;0.0;0.0;0.0;0.0
430.0;120.0;1.0;0.0;0.0;0.0;0.0;0.0
430.0;130.0;1.0;0.0;0.0;0.0;0.0;0.0
430.0;140.0;1.0;1.0;0.0;0.0;0.0;1.0
430.0;150.0;1.0;0.0;0.0;0.0;0.0;0.0
430.0;160.0;1.0;0.0;0.0;0.0;0.0;0.0
430.0;170.0;1.0;0.0;0.0;0.0;0.0;0.0
430.0;180.0;1.0;0.0;0.0;0.0;1.0;0.0
430.0;190.0;1.0;0.0;0.0;0.0;0.0;0.0
430.0;200.0;1.0;0.0;0.0;0.0;0.0;0.0
430.0;210.0;1.0;0.0;0.0;1.0;0.0;0.0
430.0;220.0;1.0;0.0;0.0;0.0;0.0;1.0
430.0;230.0;1.0;0.0;0.0;0.0;0.0;0.0
430.0;240.0;1.0;0.0;0.0;0.0;0.0;0.0
430.0;250.0;1.0;0.0;0.0;0.0;0.0;0.0
430.0;260.0;1.0;0.0;1.0;1.0;0.0;0.0
430.0;270.0;1.0;0.0;0.0;0.0;0.0;1.0
430.0;280.0;1.0;0.0;0.0;0.0;0.0;0.0
430.0;290.0;1.0;0.0;0.0;0.0;0.0;0.0
430.0;300.0;1.0;0.0;1.0;0.0;0.0;1.0
430.0;310.0;1.0;0.0;0.0;0.0;0.0;0.0
430.0;320.0;1.0;0.0;0.0;0.0;0.0;1.0
430.0;330.0;1.0;0.0;0.0;0.0;0.0;0.0
430.0;340.0;1.0;0.0;0.0;0.0;0.0;0.0
430.0;350.0;1.0;0.0;0.0;0.0;0.0;0.0
430.0;360.0;1.0;0.0;0.0;1.0;0.0;0.0
430.0;370.0;1.0;0.0;0.0;0.0;0.0;0.0
430.0;380.0;1.0;0.0;0.0;0.0;0.0;1.0
430.0;390.0;1.0;0.0;1.0;0.0;0.0;0.0
430.0;400.0;1.0;0.0;0.0;0.0;0.0;0.0
430.0;410.0;1.0;0.0;0.0;0.0;0.0;0.0
430.0;420.0;1.0;0.0;0.0;0.0;0.0;0.0
430.0;430.0;1.0;0.0;0.0;0.0;0.0;0.0
430.0;440.0;1.0;0.0;0.0;0.0;0.0;0.0
430.0;450.0;1.0;0.0;0.0;0.0;0.0;0.0
430.0;460.0;1.0;0.0;0.0;0.0;0.0;0.0
430.0;470.0;1.0;0.0;0.0;0.0;0.0;0.0
430.0;480.0;1.0;0.0;0.0;0.0;0.0;0.0
430.0;490.0;1.0;0.0;0.0;0.0;0.0;0.0
440.0;0.0;1.0;0.0;1.0;1.0;0.0;0.0
440.0;10.0;0.0;0.0;0.0;0.0;0.0;0.0
440.0;20.0;0.0;0.0;0.0;0.0;0.0;0.0
440.0;30.0;0.0;0.0;0.0;0.0;0.0;0.0
440.0;40.0;0.0;0.0;0.0;0.0;1.0;0.0
440.0;50.0;0.0;0.0;0.0;0.0;0.0;0.0
440.0;60.0;1.0;0.0;0.0;0.0;0.0;0.0
440.0;70.0;0.0;0.0;0.0;0.0;0.0;0.0
440.0;80.0;0.0;1.0;1.0;1.0;1.0;1.0
440.0;90.0;0.0;0.0;0.0;0.0;0.0;0.0
440.0;100.0;0.0;0.0;0.0;0.0;0.0;1.0
440.0;110.0;1.0;0.0;1.0;0.0;1.0;0.0
440.0;120.0;0.0;0.0;1.0;0.0;1.0;1.0
440.0;130.0;0.0;0.0;1.0;1.0;1.0;0.0
440.0;140.0;0.0;0.0;0.0;0.0;0.0;0.0
440.0;150.0;0.0;0.0;1.0;0.0;0.0;0.0
440.0;160.0;0.0;0.0;1.0;0.0;0.0;1.0
440.0;170.0;0.0;1.0;0.0;0.0;0.0;0.0
440.0;180.0;0.0;1.0;0.0;0.0;0.0;0.0
440.0;190.0;0.0;0.0;0.0;0.0;0.0;0.0
440.0;200.0;0.0;0.0;0.0;0.0;0.0;0.0
440.0;210.0;0.0;0.0;0.0;0.0;0.0;0.0
440.0;220.0;0.0;1.0;0.0;0.0;0.0;0.0
440.0;230.0;0.0;0.0;0.0;0.0;0.0;0.0
440.0;240.0;0.0;0.0;0.0;0.0;0.0;0.0
440.0;250.0;0.0;0.0;1.0;0.0;0.0;0.0
440.0;260.0;0.0;0.0;1.0;0.0;0.0;0.0
440.0;270.0;0.0;0.0;0.0;0.0;0.0;0.0
440.0;280.0;0.0;0.0;0.0;0.0;1.0;0.0
440.0;290.0;0.0;0.0;0.0;0.0;0.0;0.0
440.0;300.0;0.0;1.0;0.0;0.0;1.0;0.0
440.0;310.0;0.0;0.0;0.0;0.0;0.0;0.0
440.0;320.0;0.0;1.0;1.0;1.0;1.0;1.0
440.0;330.0;0.0;0.0;0.0;0.0;1.0;0.0
440.0;340.0;0.0;0.0;0.0;0.0;1.0;0.0
440.0;350.0;0.0;0.0;0.0;0.0;0.0;0.0
440.0;360.0;0.0;0.0;0.0;0.0;0.0;0.0
440.0;370.0;1.0;0.0;0.0;0.0;0.0;0.0
440.0;380.0;0.0;0.0;0.0;0.0;0.0;1.0
440.0;390.0;0.0;0.0;0.0;0.0;1.0;0.0
440.0;400.0;0.0;0.0;0.0;0.0;0.0;0.0
440.0;410.0;0.0;1.0;0.0;0.0;0.0;0.0
440.0;420.0;0.0;1.0;0.0;0.0;1.0;0.0
440.0;430.0;1.0;0.0;0.0;0.0;0.0;0.0
440.0;440.0;0.0;0.0;0.0;0.0;0.0;0.0
440.0;450.0;0.0;0.0;0.0;1.0;1.0;0.0
440.0;460.0;0.0;0.0;1.0;0.0;0.0;1.0
440.0;470.0;0.0;0.0;0.0;0.0;0.0;0.0
440.0;480.0;0.0;0.0;0.0;0.0;0.0;0.0
440.0;490.0;1.0;0.0;1.0;0.0;0.0;1.0
450.0;0.0;1.0;0.0;0.0;0.0;0.0;0.0
450.0;10.0;0.0;0.0;0.0;0.0;0.0;0.0
450.0;20.0;0.0;0.0;0.0;0.0;0.0;0.0
450.0;30.0;0.0;0.0;1.0;0.0;0.0;0.0
450.0;40.0;0.0;1.0;0.0;0.0;0.0;0.0
450.0;50.0;0.0;1.0;0.0;0.0;1.0;1.0
450.0;60.0;1.0;0.0;1.0;0.0;0.0;0.0
450.0;70.0;0.0;0.0;0.0;0.0;0.0;0.0
450.0;80.0;0.0;0.0;0.0;0.0;0.0;0.0
450.0;90.0;0.0;0.0;0.0;0.0;0.0;0.0
450.0;100.0;0.0;0.0;0.0;0.0;0.0;0.0
450.0;110.0;1.0;0.0;0.0;0.0;0.0;0.0
450.0;120.0;0.0;0.0;0.0;0.0;1.0;0.0
450.0;130.0;0.0;0.0;0.0;0.0;0.0;0.0
450.0;140.0;0.0;0.0;0.0;0.0;0.0;0.0
450.0;150.0;0.0;0.0;0.0;0.0;0.0;0.0
450.0;160.0;0.0;0.0;0.0;0.0;0.0;0.0
450.0;170.0;0.0;0.0;0.0;0.0;0.0;0.0
450.0;180.0;0.0;0.0;1.0;0.0;0.0;0.0
450.0;190.0;0.0;0.0;0.0;0.0;0.0;0.0
450.0;200.0;0.0;0.0;0.0;1.0;0.0;1.0
450.0;210.0;0.0;0.0;0.0;0.0;0.0;0.0
450.0;220.0;0.0;0.0;0.0;0.0;0.0;0.0
450.0;230.0;0.0;1.0;1.0;1.0;1.0;1.0
450.0;240.0;0.0;0.0;1.0;0.0;1.0;0.0
450.0;250.0;0.0;0.0;0.0;0.0;1.0;0.0
450.0;260.0;0.0;0.0;0.0;0.0;0.0;1.0
450.0;270.0;0.0;0.0;0.0;0.0;0.0;0.0
450.0;280.0;0.0;0.0;0.0;1.0;0.0;1.0
450.0;290.0;0.0;0.0;0.0;0.0;0.0;0.0
450.0;300.0;0.0;0.0;0.0;0.0;0.0;0.0
450.0;310.0;0.0;0.0;0.0;0.0;0.0;0.0
450.0;320.0;0.0;0.0;0.0;0.0;1.0;0.0
450.0;330.0;0.0;0.0;0.0;0.0;0.0;0.0
450.0;340.0;0.0;0.0;0.0;0.0;0.0;0.0
450.0;350.0;0.0;0.0;0.0;1.0;0.0;0.0
450.0;360.0;0.0;0.0;0.0;0.0;0.0;1.0
450.0;370.0;1.0;0.0;0.0;0.0;0.0;1.0
450.0;380.0;0.0;0.0;0.0;0.0;0.0;0.0
450.0;390.0;0.0;0.0;0.0;0.0;1.0;0.0
450.0;400.0;0.0;0.0;0.0;0.0;0.0;0.0
450.0;410.0;0.0;0.0;1.0;1.0;0.0;0.0
450.0;420.0;0.0;0.0;0.0;0.0;0.0;0.0
450.0;430.0;1.0;0.0;0.0;1.0;0.0;0.0
450.0;440.0;0.0;0.0;0.0;0.0;0.0;0.0
450.0;450.0;0.0;0.0;0.0;1.0;0.0;0.0
450.0;460.0;0.0;0.0;0.0;1.0;0.0;0.0
450.0;470.0;0.0;0.0;0.0;0.0;0.0;0.0
450.0;480.0;0.0;0.0;0.0;0.0;0.0;0.0
450.0;490.0;1.0;0.0;0.0;1.0;0.0;0.0
460.0;0.0;1.0;0.0;0.0;0.0;0.0;1.0
460.0;10.0;0.0;0.0;0.0;0.0;0.0;0.0
460.0;20.0;0.0;0.0;0.0;0.0;0.0;0.0
460.0;30.0;0.0;0.0;0.0;1.0;0.0;0.0
460.0;40.0;0.0;0.0;0.0;0.0;0.0;0.0
460.0;50.0;0.0;0.0;0.0;0.0;0.0;0.0
460.0;60.0;1.0;0.0;0.0;1.0;0.0;0.0
460.0;70.0;0.0;0.0;0.0;0.0;0.0;0.0
460.0;80.0;0.0;0.0;0.0;0.0;0.0;0.0
460.0;90.0;0.0;0.0;0.0;0.0;0.0;0.0
460.0;100.0;0.0;0.0;0.0;0.0;0.0;0.0
460.0;110.0;1.0;1.0;0.0;1.0;0.0;0.0
460.0;120.0;0.0;0.0;0.0;0.0;0.0;0.0
460.0;130.0;0.0;0.0;0.0;0.0;0.0;0.0
460.0;140.0;0.0;0.0;1.0;0.0;1.0;0.0
460.0;150.0;0.0;0.0;0.0;0.0;0.0;0.0
460.0;160.0;0.0;0.0;0.0;0.0;0.0;1.0
460.0;170.0;0.0;0.0;1.0;0.0;0.0;0.0
460.0;180.0;0.0;0.0;0.0;1.0;0.0;0.0
460.0;190.0;0.0;0.0;0.0;0.0;0.0;0.0
460.0;200.0;0.0;0.0;0.0;1.0;0.0;1.0
460.0;210.0;0.0;0.0;0.0;0.0;0.0;0.0
460.0;220.0;0.0;0.0;0.0;0.0;0.0;0.0
460.0;230.0;0.0;0.0;0.0;0.0;0.0;0.0
460.0;240.0;0.0;0.0;0.0;0.0;0.0;0.0
460.0;250.0;0.0;0.0;0.0;0.0;0.0;0.0
460.0;260.0;0.0;1.0;0.0;1.0;0.0;0.0
460.0;270.0;0.0;0.0;0.0;0.0;0.0;0.0
460.0;280.0;0.0;0.0;0.0;0.0;0.0;0.0
460.0;290.0;0.0;1.0;0.0;0.0;0.0;0.0
460.0;300.0;0.0;0.0;0.0;0.0;0.0;0.0
460.0;310.0;0.0;0.0;0.0;0.0;0.0;0.0
460.0;320.0;0.0;1.0;0.0;0.0;0.0;1.0
460.0;330.0;0.0;0.0;0.0;0.0;0.0;0.0
460.0;340.0;0.0;0.0;0.0;0.0;0.0;0.0
460.0;350.0;0.0;0.0;0.0;1.0;0.0;0.0
460.0;360.0;0.0;1.0;0.0;0.0;0.0;0.0
460.0;370.0;1.0;0.0;0.0;0.0;0.0;1.0
460.0;380.0;0.0;0.0;0.0;0.0;0.0;1.0
460.0;390.0;0.0;0.0;0.0;0.0;0.0;0.0
460.0;400.0;0.0;1.0;0.0;1.0;0.0;0.0
460.0;410.0;0.0;0.0;0.0;0.0;0.0;0.0
460.0;420.0;0.0;0.0;0.0;0.0;0.0;0.0
460.0;430.0;1.0;0.0;0.0;0.0;0.0;1.0
460.0;440.0;0.0;0.0;0.0;0.0;0.0;0.0
460.0;450.0;0.0;0.0;0.0;0.0;0.0;1.0
460.0;460.0;0.0;0.0;0.0;0.0;0.0;0.0
460.0;470.0;0.0;0.0;0.0;0.0;0.0;0.0
460.0;480.0;0.0;0.0;0.0;0.0;0.0;0.0
460.0;490.0;1.0;0.0;0.0;0.0;0.0;0.0
470.0;0.0;1.0;1.0;0.0;1.0;0.0;0.0
470.0;10.0;0.0;0.0;0.0;0.0;0.0;0.0
470.0;20.0;0.0;0.0;0.0;0.0;0.0;0.0
470.0;30.0;0.0;0.0;0.0;0.0;1.0;0.0
470.0;40.0;0.0;0.0;0.0;0.0;0.0;0.0
470.0;50.0;0.0;0.0;0.0;0.0;0.0;0.0
470.0;60.0;1.0;0.0;0.0;0.0;0.0;0.0
470.0;70.0;0.0;0.0;0.0;0.0;0.0;0.0
470.0;80.0;0.0;0.0;0.0;0.0;0.0;0.0
470.0;90.0;0.0;0.0;0.0;0.0;0.0;0.0
470.0;100.0;0.0;0.0;1.0;0.0;1.0;1.0
470.0;110.0;1.0;0.0;0.0;0.0;0.0;0.0
470.0;120.0;0.0;1.0;0.0;0.0;0.0;0.0
470.0;130.0;0.0;0.0;0.0;0.0;0.0;0.0
470.0;140.0;0.0;0.0;0.0;0.0;0.0;0.0
470.0;150.0;0.0;0.0;0.0;1.0;0.0;1.0
470.0;160.0;0.0;0.0;0.0;0.0;0.0;0.0
470.0;170.0;0.0;1.0;0.0;0.0;0.0;0.0
470.0;180.0;0.0;0.0;0.0;0.0;0.0;0.0
470.0;190.0;0.0;0.0;0.0;0.0;0.0;0.0
470.0;200.0;0.0;0.0;0.0;1.0;0.0;0.0
470.0;210.0;0.0;0.0;0.0;0.0;0.0;0.0
470.0;220.0;0.0;0.0;0.0;0.0;0.0;0.0
470.0;230.0;0.0;0.0;0.0;0.0;0.0;0.0
470.0;240.0;0.0;0.0;0.0;0.0;1.0;0.0
470.0;250.0;0.0;0.0;0.0;0.0;0.0;0.0
470.0;260.0;0.0;0.0;0.0;0.0;0.0;0.0
470.0;270.0;0.0;0.0;0.0;0.0;0.0;0.0
470.0;280.0;0.0;0.0;0.0;0.0;0.0;1.0
470.0;290.0;0.0;0.0;0.0;0.0;0.0;0.0
470.0;300.0;0.0;0.0;0.0;0.0;0.0;0.0
470.0;310.0;0.0;0.0;0.0;0.0;1.0;0.0
470.0;320.0;0.0;0.0;0.0;0.0;0.0;0.0
470.0;330.0;0.0;1.0;0.0;0.0;0.0;1.0
470.0;340.0;0.0;0.0;0.0;0.0;0.0;0.0
470.0;350.0;0.0;1.0;0.0;0.0;0.0;1.0
470.0;360.0;0.0;0.0;0.0;0.0;0.0;0.0
470.0;370.0;1.0;0.0;0.0;0.0;0.0;0.0
470.0;380.0;0.0;0.0;0.0;0.0;0.0;0.0
470.0;390.0;0.0;0.0;0.0;0.0;0.0;0.0
470.0;400.0;0.0;0.0;0.0;0.0;0.0;0.0
470.0;410.0;0.0;0.0;0.0;0.0;1.0;0.0
470.0;420.0;0.0;0.0;1.0;0.0;0.0;0.0
470.0;430.0;1.0;0.0;0.0;0.0;0.0;0.0
470.0;440.0;0.0;0.0;0.0;0.0;0.0;0.0
470.0;450.0;0.0;0.0;0.0;0.0;0.0;0.0
470.0;460.0;0.0;1.0;0.0;1.0;0.0;1.0
470.0;470.0;0.0;0.0;0.0;0.0;0.0;0.0
470.0;480.0;0.0;0.0;0.0;0.0;0.0;0.0
470.0;490.0;1.0;0.0;0.0;0.0;0.0;0.0
480.0;0.0;1.0;0.0;0.0;0.0;0.0;0.0
480.0;10.0;0.0;0.0;0.0;0.0;0.0;0.0
480.0;20.0;0.0;1.0;0.0;0.0;0.0;0.0
480.0;30.0;0.0;0.0;0.0;0.0;0.0;0.0
480.0;40.0;0.0;0.0;0.0;0.0;0.0;0.0
480.0;50.0;0.0;0.0;0.0;0.0;0.0;0.0
480.0;60.0;1.0;0.0;0.0;0.0;1.0;0.0
480.0;70.0;0.0;0.0;0.0;0.0;0.0;0.0
480.0;80.0;0.0;0.0;0.0;1.0;0.0;0.0
480.0;90.0;0.0;1.0;0.0;0.0;1.0;0.0
480.0;100.0;0.0;0.0;0.0;0.0;0.0;0.0
480.0;110.0;1.0;0.0;0.0;0.0;1.0;0.0
480.0;120.0;0.0;0.0;0.0;0.0;0.0;1.0
480.0;130.0;0.0;0.0;0.0;0.0;0.0;0.0
480.0;140.0;0.0;0.0;0.0;0.0;0.0;0.0
480.0;150.0;0.0;0.0;0.0;0.0;0.0;0.0
480.0;160.0;0.0;0.0;0.0;0.0;0.0;0.0
480.0;170.0;0.0;0.0;0.0;0.0;0.0;0.0
480.0;180.0;0.0;0.0;0.0;0.0;0.0;0.0
480.0;190.0;0.0;0.0;0.0;0.0;0.0;0.0
480.0;200.0;0.0;0.0;0.0;0.0;0.0;0.0
480.0;210.0;0.0;0.0;0.0;0.0;0.0;0.0
480.0;220.0;0.0;0.0;0.0;0.0;0.0;0.0
480.0;230.0;0.0;0.0;0.0;1.0;0.0;1.0
480.0;240.0;0.0;1.0;0.0;0.0;0.0;0.0
480.0;250.0;0.0;0.0;0.0;0.0;1.0;0.0
480.0;260.0;0.0;0.0;0.0;0.0;0.0;0.0
480.0;270.0;0.0;0.0;0.0;1.0;0.0;0.0
480.0;280.0;0.0;0.0;1.0;0.0;1.0;0.0
480.0;290.0;0.0;0.0;0.0;0.0;0.0;0.0
480.0;300.0;0.0;0.0;0.0;0.0;0.0;0.0
480.0;310.0;0.0;0.0;0.0;1.0;0.0;0.0
480.0;320.0;0.0;1.0;1.0;1.0;1.0;0.0
480.0;330.0;0.0;1.0;0.0;0.0;0.0;0.0
480.0;340.0;0.0;0.0;0.0;0.0;0.0;0.0
480.0;350.0;0.0;0.0;0.0;0.0;0.0;0.0
480.0;360.0;0.0;0.0;0.0;1.0;0.0;0.0
480.0;370.0;1.0;0.0;0.0;0.0;0.0;0.0
480.0;380.0;0.0;0.0;0.0;0.0;0.0;0.0
480.0;390.0;0.0;0.0;0.0;0.0;0.0;0.0
480.0;400.0;0.0;0.0;0.0;0.0;0.0;0.0
480.0;410.0;0.0;0.0;0.0;0.0;0.0;1.0
480.0;420.0;0.0;0.0;1.0;0.0;0.0;1.0
480.0;430.0;1.0;0.0;0.0;0.0;0.0;0.0
480.0;440.0;0.0;0.0;1.0;0.0;0.0;0.0
480.0;450.0;0.0;0.0;0.0;0.0;0.0;0.0
480.0;460.0;0.0;0.0;0.0;0.0;1.0;0.0
480.0;470.0;0.0;0.0;0.0;0.0;0.0;1.0
480.0;480.0;0.0;0.0;0.0;0.0;0.0;0.0
480.0;490.0;1.0;0.0;0.0;0.0;0.0;0.0
490.0;0.0;1.0;0.0;1.0;1.0;0.0;1.0
490.0;10.0;1.0;0.0;0.0;0.0;0.0;0.0
490.0;20.0;1.0;0.0;0.0;0.0;0.0;0.0
490.0;30.0;1.0;0.0;0.0;0.0;0.0;0.0
490.0;40.0;1.0;1.0;1.0;0.0;0.0;0.0
490.0;50.0;1.0;0.0;0.0;0.0;0.0;0.0
490.0;60.0;1.0;0.0;1.0;0.0;0.0;0.0
490.0;70.0;1.0;0.0;1.0;0.0;0.0;0.0
490.0;80.0;1.0;0.0;0.0;0.0;1.0;0.0
490.0;90.0;1.0;0.0;1.0;0.0;0.0;0.0
490.0;100.0;1.0;0.0;0.0;0.0;0.0;0.0
490.0;110.0;1.0;0.0;0.0;0.0;0.0;0.0
490.0;120.0;1.0;0.0;0.0;0.0;0.0;0.0
490.0;130.0;1.0;0.0;0.0;1.0;0.0;0.0
490.0;140.0;1.0;1.0;1.0;1.0;0.0;1.0
490.0;150.0;1.0;0.0;0.0;0.0;0.0;0.0
490.0;160.0;1.0;0.0;1.0;0.0;0.0;0.0
490.0;170.0;1.0;0.0;0.0;0.0;0.0;0.0
490.0;180.0;1.0;0.0;0.0;0.0;0.0;0.0
490.0;190.0;1.0;0.0;0.0;0.0;0.0;0.0
490.0;200.0;1.0;0.0;0.0;0.0;0.0;0.0
490.0;210.0;1.0;0.0;0.0;0.0;0.0;0.0
490.0;220.0;1.0;0.0;0.0;0.0;0.0;1.0
490.0;230.0;1.0;0.0;0.0;0.0;0.0;0.0
490.0;240.0;1.0;0.0;0.0;0.0;0.0;0.0
490.0;250.0;1.0;1.0;0.0;0.0;0.0;0.0
490.0;260.0;1.0;0.0;1.0;0.0;0.0;1.0
490.0;270.0;1.0;0.0;0.0;0.0;0.0;0.0
490.0;280.0;1.0;0.0;0.0;0.0;0.0;0.0
490.0;290.0;1.0;0.0;0.0;1.0;0.0;0.0
490.0;300.0;1.0;0.0;0.0;0.0;0.0;0.0
490.0;310.0;1.0;0.0;0.0;0.0;0.0;0.0
490.0;320.0;1.0;0.0;1.0;0.0;0.0;0.0
490.0;330.0;1.0;0.0;0.0;0.0;1.0;0.0
490.0;340.0;1.0;0.0;0.0;0.0;0.0;0.0
490.0;350.0;1.0;0.0;0.0;0.0;0.0;0.0
490.0;360.0;1.0;0.0;0.0;0.0;0.0;0.0
490.0;370.0;1.0;0.0;0.0;0.0;0.0;0.0
490.0;380.0;1.0;0.0;0.0;0.0;0.0;0.0
490.0;390.0;1.0;0.0;0.0;0.0;1.0;1.0
490.0;400.0;1.0;0.0;0.0;0.0;0.0;0.0
490.0;410.0;1.0;0.0;0.0;0.0;0.0;0.0
490.0;420.0;1.0;0.0;0.0;1.0;0.0;1.0
490.0;430.0;1.0;1.0;1.0;1.0;1.0;1.0
490.0;440.0;1.0;0.0;0.0;0.0;0.0;0.0
490.0;450.0;1.0;0.0;0.0;1.0;1.0;0.0
490.0;460.0;1.0;0.0;0.0;0.0;0.0;0.0
490.0;470.0;1.0;1.0;1.0;0.0;0.0;0.0
490.0;480.0;1.0;0.0;0.0;0.0;0.0;0.0
490.0;490.0;1.0;0.0;0.0;0.0;0.0;0.0
